schedule,t,value
uniform/g=0.25/m=1581,1,7.500000000000e-1
uniform/g=0.25/m=1581,2,6.250000000000e-1
uniform/g=0.25/m=1581,3,5.468750000000e-1
uniform/g=0.25/m=1581,4,4.921875000000e-1
uniform/g=0.25/m=1581,5,4.511718750000e-1
uniform/g=0.25/m=1581,6,4.189453125000e-1
uniform/g=0.25/m=1581,7,3.927612304688e-1
uniform/g=0.25/m=1581,8,3.709411621094e-1
uniform/g=0.25/m=1581,9,3.523941040039e-1
uniform/g=0.25/m=1581,10,3.363761901855e-1
uniform/g=0.25/m=1581,11,3.223605155945e-1
uniform/g=0.25/m=1581,12,3.099620342255e-1
uniform/g=0.25/m=1581,13,2.988919615746e-1
uniform/g=0.25/m=1581,14,2.889288961887e-1
uniform/g=0.25/m=1581,15,2.798998681828e-1
uniform/g=0.25/m=1581,16,2.716675191186e-1
uniform/g=0.25/m=1581,17,2.641211991431e-1
uniform/g=0.25/m=1581,18,2.571706412709e-1
uniform/g=0.25/m=1581,19,2.507413752392e-1
uniform/g=0.25/m=1581,20,2.447713424954e-1
uniform/g=0.25/m=1581,21,2.392083574387e-1
uniform/g=0.25/m=1581,22,2.340081757552e-1
uniform/g=0.25/m=1581,23,2.291330054270e-1
uniform/g=0.25/m=1581,24,2.245503453184e-1
uniform/g=0.25/m=1581,25,2.202320694469e-1
uniform/g=0.25/m=1581,26,2.161536977905e-1
uniform/g=0.25/m=1581,27,2.122938103300e-1
uniform/g=0.25/m=1581,28,2.086335722208e-1
uniform/g=0.25/m=1581,29,2.051563460171e-1
uniform/g=0.25/m=1581,30,2.018473726943e-1
uniform/g=0.25/m=1581,31,1.986935074959e-1
uniform/g=0.25/m=1581,32,1.956829998066e-1
uniform/g=0.25/m=1581,33,1.928053086330e-1
uniform/g=0.25/m=1581,34,1.900509470811e-1
uniform/g=0.25/m=1581,35,1.874113505938e-1
uniform/g=0.25/m=1581,37,1.824461494490e-1
uniform/g=0.25/m=1581,38,1.801070962510e-1
uniform/g=0.25/m=1581,39,1.778557575478e-1
uniform/g=0.25/m=1581,41,1.735952755508e-1
uniform/g=0.25/m=1581,42,1.715767258351e-1
uniform/g=0.25/m=1581,44,1.677422459774e-1
uniform/g=0.25/m=1581,45,1.659189606951e-1
uniform/g=0.25/m=1581,47,1.624439292709e-1
uniform/g=0.25/m=1581,48,1.607863381559e-1
uniform/g=0.25/m=1581,50,1.576179014923e-1
uniform/g=0.25/m=1581,52,1.546296811174e-1
uniform/g=0.25/m=1581,54,1.518052164034e-1
uniform/g=0.25/m=1581,56,1.491300774866e-1
uniform/g=0.25/m=1581,57,1.478444733703e-1
uniform/g=0.25/m=1581,59,1.453699578202e-1
uniform/g=0.25/m=1581,62,1.418806267364e-1
uniform/g=0.25/m=1581,64,1.396893213836e-1
uniform/g=0.25/m=1581,66,1.375965087328e-1
uniform/g=0.25/m=1581,68,1.355950249901e-1
uniform/g=0.25/m=1581,71,1.327500929024e-1
uniform/g=0.25/m=1581,73,1.309500291658e-1
uniform/g=0.25/m=1581,76,1.283821599592e-1
uniform/g=0.25/m=1581,78,1.267518607030e-1
uniform/g=0.25/m=1581,81,1.244188271107e-1
uniform/g=0.25/m=1581,84,1.222100528152e-1
uniform/g=0.25/m=1581,87,1.201148853224e-1
uniform/g=0.25/m=1581,90,1.181239083036e-1
uniform/g=0.25/m=1581,93,1.162287630710e-1
uniform/g=0.25/m=1581,97,1.138382148696e-1
uniform/g=0.25/m=1581,100,1.121390522857e-1
uniform/g=0.25/m=1581,104,1.099875161545e-1
uniform/g=0.25/m=1581,107,1.084527397538e-1
uniform/g=0.25/m=1581,111,1.065028785314e-1
uniform/g=0.25/m=1581,115,1.046545407890e-1
uniform/g=0.25/m=1581,119,1.028992116587e-1
uniform/g=0.25/m=1581,123,1.012293436693e-1
uniform/g=0.25/m=1581,127,9.963821987228e-2
uniform/g=0.25/m=1581,132,9.775096833885e-2
uniform/g=0.25/m=1581,137,9.596704765212e-2
uniform/g=0.25/m=1581,141,9.460815788831e-2
uniform/g=0.25/m=1581,146,9.298804018587e-2
uniform/g=0.25/m=1581,152,9.114954997411e-2
uniform/g=0.25/m=1581,157,8.969803497431e-2
uniform/g=0.25/m=1581,162,8.831372629878e-2
uniform/g=0.25/m=1581,168,8.673422130110e-2
uniform/g=0.25/m=1581,174,8.523654253820e-2
uniform/g=0.25/m=1581,180,8.381386054657e-2
uniform/g=0.25/m=1581,186,8.246011812485e-2
uniform/g=0.25/m=1581,193,8.096072073852e-2
uniform/g=0.25/m=1581,200,7.954024919145e-2
uniform/g=0.25/m=1581,207,7.819201370543e-2
uniform/g=0.25/m=1581,214,7.691009234280e-2
uniform/g=0.25/m=1581,222,7.551951451393e-2
uniform/g=0.25/m=1581,230,7.420173526628e-2
uniform/g=0.25/m=1581,238,7.295061668631e-2
uniform/g=0.25/m=1581,246,7.176072176743e-2
uniform/g=0.25/m=1581,255,7.048927097168e-2
uniform/g=0.25/m=1581,264,6.928309283470e-2
uniform/g=0.25/m=1581,273,6.813678707470e-2
uniform/g=0.25/m=1581,283,6.692752094576e-2
uniform/g=0.25/m=1581,293,6.578043561792e-2
uniform/g=0.25/m=1581,303,6.469037855620e-2
uniform/g=0.25/m=1581,314,6.355173966305e-2
uniform/g=0.25/m=1581,325,6.247118375500e-2
uniform/g=0.25/m=1581,336,6.144393491911e-2
uniform/g=0.25/m=1581,348,6.037912239340e-2
uniform/g=0.25/m=1581,360,5.936781693941e-2
uniform/g=0.25/m=1581,373,5.832759992417e-2
uniform/g=0.25/m=1581,386,5.734021286489e-2
uniform/g=0.25/m=1581,399,5.640133018942e-2
uniform/g=0.25/m=1581,414,5.537327362215e-2
uniform/g=0.25/m=1581,428,5.446278813377e-2
uniform/g=0.25/m=1581,443,5.353543140385e-2
uniform/g=0.25/m=1581,459,5.259665543304e-2
uniform/g=0.25/m=1581,475,5.170559439743e-2
uniform/g=0.25/m=1581,492,5.080675813775e-2
uniform/g=0.25/m=1581,509,4.995322440972e-2
uniform/g=0.25/m=1581,527,4.909477591886e-2
uniform/g=0.25/m=1581,546,4.823498541471e-2
uniform/g=0.25/m=1581,565,4.741884054068e-2
uniform/g=0.25/m=1581,585,4.660297178342e-2
uniform/g=0.25/m=1581,605,4.582781645683e-2
uniform/g=0.25/m=1581,627,4.501826916463e-2
uniform/g=0.25/m=1581,649,4.425016178030e-2
uniform/g=0.25/m=1581,672,4.348774247921e-2
uniform/g=0.25/m=1581,695,4.276342104835e-2
uniform/g=0.25/m=1581,720,4.201575124708e-2
uniform/g=0.25/m=1581,745,4.130597473482e-2
uniform/g=0.25/m=1581,771,4.060467974084e-2
uniform/g=0.25/m=1581,798,3.991294064228e-2
uniform/g=0.25/m=1581,827,3.920796728655e-2
uniform/g=0.25/m=1581,856,3.853907646539e-2
uniform/g=0.25/m=1581,886,3.788192559115e-2
uniform/g=0.25/m=1581,917,3.723699125347e-2
uniform/g=0.25/m=1581,949,3.660463769576e-2
uniform/g=0.25/m=1581,983,3.596684477334e-2
uniform/g=0.25/m=1581,1017,3.536126911134e-2
uniform/g=0.25/m=1581,1053,3.475227565167e-2
uniform/g=0.25/m=1581,1090,3.415803862324e-2
uniform/g=0.25/m=1581,1129,3.356354277051e-2
uniform/g=0.25/m=1581,1169,3.298494235688e-2
uniform/g=0.25/m=1581,1210,3.242187743358e-2
uniform/g=0.25/m=1581,1252,3.187397284846e-2
uniform/g=0.25/m=1581,1297,3.131669262172e-2
uniform/g=0.25/m=1581,1342,3.078765639186e-2
uniform/g=0.25/m=1581,1389,3.026276489594e-2
uniform/g=0.25/m=1581,1438,2.974314833193e-2
uniform/g=0.25/m=1581,1489,2.922977625715e-2
uniform/g=0.25/m=1581,1542,2.872347059777e-2
uniform/g=0.25/m=1581,1596,2.823375282059e-2
uniform/g=0.25/m=1581,1652,2.775145711946e-2
uniform/g=0.25/m=1581,1710,2.727710820062e-2
uniform/g=0.25/m=1581,1771,2.680356522024e-2
uniform/g=0.25/m=1581,1833,2.634667373824e-2
uniform/g=0.25/m=1581,1898,2.589190410685e-2
uniform/g=0.25/m=1581,1964,2.545342066503e-2
uniform/g=0.25/m=1581,2034,2.501187076116e-2
uniform/g=0.25/m=1581,2105,2.458669187944e-2
uniform/g=0.25/m=1581,2179,2.416584081115e-2
uniform/g=0.25/m=1581,2256,2.375008821898e-2
uniform/g=0.25/m=1581,2336,2.334008717770e-2
uniform/g=0.25/m=1581,2418,2.294112352241e-2
uniform/g=0.25/m=1581,2503,2.254842526291e-2
uniform/g=0.25/m=1581,2591,2.216239120838e-2
uniform/g=0.25/m=1581,2683,2.177928296600e-2
uniform/g=0.25/m=1581,2777,2.140766977589e-2
uniform/g=0.25/m=1581,2875,2.103980656301e-2
uniform/g=0.25/m=1581,2976,2.067985106091e-2
uniform/g=0.25/m=1581,3081,2.032455885401e-2
uniform/g=0.25/m=1581,3190,1.997444148989e-2
uniform/g=0.25/m=1581,3302,1.963289468144e-2
uniform/g=0.25/m=1581,3418,1.929699262827e-2
uniform/g=0.25/m=1581,3539,1.896435572586e-2
uniform/g=0.25/m=1581,3664,1.863816952609e-2
uniform/g=0.25/m=1581,3793,1.831859189402e-2
uniform/g=0.25/m=1581,3926,1.800573212183e-2
uniform/g=0.25/m=1581,4065,1.769530370156e-2
uniform/g=0.25/m=1581,4208,1.739212702446e-2
uniform/g=0.25/m=1581,4356,1.709420152833e-2
uniform/g=0.25/m=1581,4510,1.679989670488e-2
uniform/g=0.25/m=1581,4668,1.651320967223e-2
uniform/g=0.25/m=1581,4833,1.622895313315e-2
uniform/g=0.25/m=1581,5003,1.595091350781e-2
uniform/g=0.25/m=1581,5179,1.567760432285e-2
uniform/g=0.25/m=1581,5362,1.540781439974e-2
uniform/g=0.25/m=1581,5551,1.514330092681e-2
uniform/g=0.25/m=1581,5746,1.488418346728e-2
uniform/g=0.25/m=1581,5949,1.462808423788e-2
uniform/g=0.25/m=1581,6158,1.437775712470e-2
uniform/g=0.25/m=1581,6375,1.413098355172e-2
uniform/g=0.25/m=1581,6600,1.388807230570e-2
uniform/g=0.25/m=1581,6833,1.364927640197e-2
uniform/g=0.25/m=1581,7073,1.341574693466e-2
uniform/g=0.25/m=1581,7323,1.318479796435e-2
uniform/g=0.25/m=1581,7581,1.295853808093e-2
uniform/g=0.25/m=1581,7848,1.273623249597e-2
uniform/g=0.25/m=1581,8124,1.251805032122e-2
uniform/g=0.25/m=1581,8410,1.230338993829e-2
uniform/g=0.25/m=1581,8707,1.209176268361e-2
uniform/g=0.25/m=1581,9013,1.188475572847e-2
uniform/g=0.25/m=1581,9331,1.168051192081e-2
uniform/g=0.25/m=1581,9660,1.147990777405e-2
uniform/g=0.25/m=1581,10000,1.128308649832e-2
uniform/g=0.25/m=1581,10352,1.108962112302e-2
uniform/g=0.25/m=1581,10717,1.089916225527e-2
uniform/g=0.25/m=1581,11095,1.071191068276e-2
uniform/g=0.25/m=1581,11486,1.052802779496e-2
uniform/g=0.25/m=1581,11890,1.034763984333e-2
uniform/g=0.25/m=1581,12309,1.017001568847e-2
uniform/g=0.25/m=1581,12743,9.995347975313e-3
uniform/g=0.25/m=1581,13192,9.823792107196e-3
uniform/g=0.25/m=1581,13656,9.655470239710e-3
uniform/g=0.25/m=1581,14138,9.489468151694e-3
uniform/g=0.25/m=1581,14636,9.326642154398e-3
uniform/g=0.25/m=1581,15151,9.166773396292e-3
uniform/g=0.25/m=1581,15685,9.009392198886e-3
uniform/g=0.25/m=1581,16238,8.854663783199e-3
uniform/g=0.25/m=1581,16810,8.702720905234e-3
uniform/g=0.25/m=1581,17402,8.553421615832e-3
uniform/g=0.25/m=1581,18015,8.406647928244e-3
uniform/g=0.25/m=1581,18650,8.262302428779e-3
uniform/g=0.25/m=1581,19307,8.120515555598e-3
uniform/g=0.25/m=1581,19987,7.981190426850e-3
uniform/g=0.25/m=1581,20691,7.844245926900e-3
uniform/g=0.25/m=1581,21420,7.709614351749e-3
uniform/g=0.25/m=1581,22175,7.577239330515e-3
uniform/g=0.25/m=1581,22956,7.447236185267e-3
uniform/g=0.25/m=1581,23765,7.319387309468e-3
uniform/g=0.25/m=1581,24602,7.193807619261e-3
uniform/g=0.25/m=1581,25469,7.070309990858e-3
uniform/g=0.25/m=1581,26367,6.948873496941e-3
uniform/g=0.25/m=1581,27295,6.829730483023e-3
uniform/g=0.25/m=1581,28257,6.712471083240e-3
uniform/g=0.25/m=1581,29253,6.597214047974e-3
uniform/g=0.25/m=1581,30283,6.484054372071e-3
uniform/g=0.25/m=1581,31350,6.372760962380e-3
uniform/g=0.25/m=1581,32455,6.263338582316e-3
uniform/g=0.25/m=1581,33598,6.155881735081e-3
uniform/g=0.25/m=1581,34782,6.050203468166e-3
uniform/g=0.25/m=1581,36007,5.946399067909e-3
uniform/g=0.25/m=1581,37276,5.844308411946e-3
uniform/g=0.25/m=1581,38589,5.744024230681e-3
uniform/g=0.25/m=1581,39949,5.645407665614e-3
uniform/g=0.25/m=1581,41356,5.548546534603e-3
uniform/g=0.25/m=1581,42813,5.453318822368e-3
uniform/g=0.25/m=1581,44322,5.359684932369e-3
uniform/g=0.25/m=1581,45883,5.267726770542e-3
uniform/g=0.25/m=1581,47500,5.177290572237e-3
uniform/g=0.25/m=1581,49173,5.088457914293e-3
uniform/g=0.25/m=1581,50906,5.001096569753e-3
uniform/g=0.25/m=1581,52699,4.915285195433e-3
uniform/g=0.25/m=1581,54556,4.830908632302e-3
uniform/g=0.25/m=1581,56478,4.747998781397e-3
uniform/g=0.25/m=1581,58468,4.666500296747e-3
uniform/g=0.25/m=1581,60528,4.586405113250e-3
uniform/g=0.25/m=1581,62660,4.507705474108e-3
uniform/g=0.25/m=1581,64868,4.430325352382e-3
uniform/g=0.25/m=1581,67153,4.354299601461e-3
uniform/g=0.25/m=1581,69519,4.279562730503e-3
uniform/g=0.25/m=1581,71969,4.206089926298e-3
uniform/g=0.25/m=1581,74504,4.133915747926e-3
uniform/g=0.25/m=1581,77129,4.062961338737e-3
uniform/g=0.25/m=1581,79846,3.993236918889e-3
uniform/g=0.25/m=1581,82660,3.924678399898e-3
uniform/g=0.25/m=1581,85572,3.857323348730e-3
uniform/g=0.25/m=1581,88587,3.791115344586e-3
uniform/g=0.25/m=1581,91708,3.726048369951e-3
uniform/g=0.25/m=1581,94939,3.662097255557e-3
uniform/g=0.25/m=1581,98284,3.599240657027e-3
uniform/g=0.25/m=1581,101746,3.537477769324e-3
uniform/g=0.25/m=1581,105331,3.476757328025e-3
uniform/g=0.25/m=1581,109042,3.417084085654e-3
uniform/g=0.25/m=1581,112884,3.358431229992e-3
uniform/g=0.25/m=1581,116861,3.300790323441e-3
uniform/g=0.25/m=1581,120978,3.244140206206e-3
uniform/g=0.25/m=1581,125240,3.188462859706e-3
uniform/g=0.25/m=1581,129653,3.133730760808e-3
uniform/g=0.25/m=1581,134221,3.079943870850e-3
uniform/g=0.25/m=1581,138950,3.027079523334e-3
uniform/g=0.25/m=1581,143845,2.975128902730e-3
uniform/g=0.25/m=1581,148913,2.924064377762e-3
uniform/g=0.25/m=1581,154159,2.873881497567e-3
uniform/g=0.25/m=1581,159591,2.824549307368e-3
uniform/g=0.25/m=1581,165213,2.776075719924e-3
uniform/g=0.25/m=1581,171034,2.728426417923e-3
uniform/g=0.25/m=1581,177060,2.681595674219e-3
uniform/g=0.25/m=1581,183298,2.635570970281e-3
uniform/g=0.25/m=1581,189756,2.590334622568e-3
uniform/g=0.25/m=1581,196441,2.545878124620e-3
uniform/g=0.25/m=1581,203362,2.502181578403e-3
uniform/g=0.25/m=1581,210527,2.459234082601e-3
uniform/g=0.25/m=1581,217944,2.417026183928e-3
uniform/g=0.25/m=1581,225623,2.375539036889e-3
uniform/g=0.25/m=1581,233572,2.334766791379e-3
uniform/g=0.25/m=1581,241801,2.294694583225e-3
uniform/g=0.25/m=1581,250320,2.255309762872e-3
uniform/g=0.25/m=1581,259140,2.216597222266e-3
uniform/g=0.25/m=1581,268270,2.178552312491e-3
uniform/g=0.25/m=1581,277721,2.141162959317e-3
uniform/g=0.25/m=1581,287506,2.104411463953e-3
uniform/g=0.25/m=1581,297635,2.068293405515e-3
uniform/g=0.25/m=1581,308121,2.032794743589e-3
uniform/g=0.25/m=1581,318977,1.997903574009e-3
uniform/g=0.25/m=1581,330215,1.963612729054e-3
uniform/g=0.25/m=1581,341849,1.929910230787e-3
uniform/g=0.25/m=1581,353893,1.896785871761e-3
uniform/g=0.25/m=1581,366361,1.864230892802e-3
uniform/g=0.25/m=1581,379269,1.832232871252e-3
uniform/g=0.25/m=1581,392631,1.800785872709e-3
uniform/g=0.25/m=1581,406464,1.769878070391e-3
uniform/g=0.25/m=1581,420785,1.739499424391e-3
uniform/g=0.25/m=1581,435610,1.709643328195e-3
uniform/g=0.25/m=1581,450957,1.680300247200e-3
uniform/g=0.25/m=1581,466845,1.651460240794e-3
uniform/g=0.25/m=1581,483293,1.623114831250e-3
uniform/g=0.25/m=1581,500320,1.595256734356e-3
uniform/g=0.25/m=1581,517947,1.567876597881e-3
uniform/g=0.25/m=1581,536196,1.540965001498e-3
uniform/g=0.25/m=1581,555087,1.514516660618e-3
uniform/g=0.25/m=1581,574643,1.488523004004e-3
uniform/g=0.25/m=1581,594889,1.462974234082e-3
uniform/g=0.25/m=1581,615848,1.437864390040e-3
uniform/g=0.25/m=1581,637546,1.413184954955e-3
uniform/g=0.25/m=1581,660008,1.388929740032e-3
uniform/g=0.25/m=1581,683261,1.365091396097e-3
uniform/g=0.25/m=1581,707333,1.341662701407e-3
uniform/g=0.25/m=1581,732254,1.318635710975e-3
uniform/g=0.25/m=1581,758052,1.296005446977e-3
uniform/g=0.25/m=1581,784760,1.273763585605e-3
uniform/g=0.25/m=1581,812408,1.251905524104e-3
uniform/g=0.25/m=1581,841031,1.230423744003e-3
uniform/g=0.25/m=1581,870662,1.209313490490e-3
uniform/g=0.25/m=1581,901337,1.188568951283e-3
uniform/g=0.25/m=1581,933093,1.168184904270e-3
uniform/g=0.25/m=1581,965967,1.148157341157e-3
uniform/g=0.25/m=1581,1000000,1.128481098366e-3
geo/r=2/m=12,1,5.000000000000e-1
geo/r=2/m=12,2,3.750000000000e-1
geo/r=2/m=12,3,3.281250000000e-1
geo/r=2/m=12,4,2.998046875000e-1
geo/r=2/m=12,5,2.777404785156e-1
geo/r=2/m=12,6,2.591032981873e-1
geo/r=2/m=12,7,2.430056817830e-1
geo/r=2/m=12,8,2.289958133333e-1
geo/r=2/m=12,9,2.167504561689e-1
geo/r=2/m=12,10,2.060074595221e-1
geo/r=2/m=12,11,1.965468939055e-1
geo/r=2/m=12,12,1.881826921941e-1
geo/r=2/m=12,13,1.807570870317e-1
geo/r=2/m=12,14,1.741362028995e-1
geo/r=2/m=12,15,1.682063844824e-1
geo/r=2/m=12,16,1.628711003409e-1
geo/r=2/m=12,17,1.580483240255e-1
geo/r=2/m=12,18,1.536683174344e-1
geo/r=2/m=12,19,1.496717542816e-1
geo/r=2/m=12,20,1.460081313866e-1
geo/r=2/m=12,21,1.426344235831e-1
geo/r=2/m=12,22,1.395139448461e-1
geo/r=2/m=12,23,1.366153839816e-1
geo/r=2/m=12,24,1.339119880830e-1
geo/r=2/m=12,25,1.313808710742e-1
geo/r=2/m=12,26,1.290024281411e-1
geo/r=2/m=12,27,1.267598398010e-1
geo/r=2/m=12,28,1.246386518557e-1
geo/r=2/m=12,29,1.226264195829e-1
geo/r=2/m=12,30,1.207124063129e-1
geo/r=2/m=12,31,1.188873280458e-1
geo/r=2/m=12,32,1.171431370483e-1
geo/r=2/m=12,33,1.154728384534e-1
geo/r=2/m=12,34,1.138703348013e-1
geo/r=2/m=12,35,1.123302942396e-1
geo/r=2/m=12,37,1.094194493778e-1
geo/r=2/m=12,38,1.080408857302e-1
geo/r=2/m=12,39,1.067091177703e-1
geo/r=2/m=12,41,1.041747613194e-1
geo/r=2/m=12,42,1.029672850011e-1
geo/r=2/m=12,44,1.006612680499e-1
geo/r=2/m=12,45,9.955911278827e-2
geo/r=2/m=12,47,9.744861600074e-2
geo/r=2/m=12,48,9.643749579504e-2
geo/r=2/m=12,50,9.449733236654e-2
geo/r=2/m=12,52,9.265934484801e-2
geo/r=2/m=12,54,9.091577138349e-2
geo/r=2/m=12,56,8.925974102804e-2
geo/r=2/m=12,57,8.846260922818e-2
geo/r=2/m=12,59,8.692656150049e-2
geo/r=2/m=12,62,8.475835606111e-2
geo/r=2/m=12,64,8.339658980671e-2
geo/r=2/m=12,66,8.209679542410e-2
geo/r=2/m=12,68,8.085507112424e-2
geo/r=2/m=12,71,7.909354619856e-2
geo/r=2/m=12,73,7.798178154359e-2
geo/r=2/m=12,76,7.640052140905e-2
geo/r=2/m=12,78,7.539994528232e-2
geo/r=2/m=12,81,7.397320695960e-2
geo/r=2/m=12,84,7.262858104346e-2
geo/r=2/m=12,87,7.135906594348e-2
geo/r=2/m=12,90,7.015833973138e-2
geo/r=2/m=12,93,6.902068938731e-2
geo/r=2/m=12,97,6.759308243898e-2
geo/r=2/m=12,100,6.658335965137e-2
geo/r=2/m=12,104,6.531058153770e-2
geo/r=2/m=12,107,6.440640305453e-2
geo/r=2/m=12,111,6.326184327696e-2
geo/r=2/m=12,115,6.218073976590e-2
geo/r=2/m=12,119,6.115702573480e-2
geo/r=2/m=12,123,6.018535975209e-2
geo/r=2/m=12,127,5.926103295001e-2
geo/r=2/m=12,132,5.816590903363e-2
geo/r=2/m=12,137,5.713121489578e-2
geo/r=2/m=12,141,5.634285189254e-2
geo/r=2/m=12,146,5.540217143212e-2
geo/r=2/m=12,152,5.433295327543e-2
geo/r=2/m=12,157,5.348692429631e-2
geo/r=2/m=12,162,5.267811713962e-2
geo/r=2/m=12,168,5.175250167781e-2
geo/r=2/m=12,174,5.087172971326e-2
geo/r=2/m=12,180,5.003195800202e-2
geo/r=2/m=12,186,4.922986431549e-2
geo/r=2/m=12,193,4.833787389693e-2
geo/r=2/m=12,200,4.748926831527e-2
geo/r=2/m=12,207,4.668060865101e-2
geo/r=2/m=12,214,4.590889705953e-2
geo/r=2/m=12,222,4.506881623673e-2
geo/r=2/m=12,230,4.427009888924e-2
geo/r=2/m=12,238,4.350969755586e-2
geo/r=2/m=12,246,4.278490497531e-2
geo/r=2/m=12,255,4.200906678896e-2
geo/r=2/m=12,264,4.127213474844e-2
geo/r=2/m=12,273,4.057132627266e-2
geo/r=2/m=12,283,3.983196503236e-2
geo/r=2/m=12,293,3.913097631520e-2
geo/r=2/m=12,303,3.846553321426e-2
geo/r=2/m=12,314,3.777154036742e-2
geo/r=2/m=12,325,3.711434401291e-2
geo/r=2/m=12,336,3.649112353965e-2
geo/r=2/m=12,348,3.584698659285e-2
geo/r=2/m=12,360,3.523720784628e-2
geo/r=2/m=12,373,3.461221324068e-2
geo/r=2/m=12,386,3.402117833747e-2
geo/r=2/m=12,399,3.346126364882e-2
geo/r=2/m=12,414,3.285054395663e-2
geo/r=2/m=12,428,3.231173140778e-2
geo/r=2/m=12,443,3.176487218896e-2
geo/r=2/m=12,459,3.121316670254e-2
geo/r=2/m=12,475,3.069111834951e-2
geo/r=2/m=12,492,3.016592685435e-2
geo/r=2/m=12,509,2.966831599710e-2
geo/r=2/m=12,527,2.916869921269e-2
geo/r=2/m=12,546,2.866890428959e-2
geo/r=2/m=12,565,2.819477583849e-2
geo/r=2/m=12,585,2.772082447364e-2
geo/r=2/m=12,605,2.727028515246e-2
geo/r=2/m=12,627,2.679923686544e-2
geo/r=2/m=12,649,2.635155917688e-2
geo/r=2/m=12,672,2.590624750169e-2
geo/r=2/m=12,695,2.548211401698e-2
geo/r=2/m=12,720,2.504302758312e-2
geo/r=2/m=12,745,2.462484314207e-2
geo/r=2/m=12,771,2.421024770141e-2
geo/r=2/m=12,798,2.379984919174e-2
geo/r=2/m=12,827,2.338006482135e-2
geo/r=2/m=12,856,2.298032169159e-2
geo/r=2/m=12,886,2.258624659234e-2
geo/r=2/m=12,917,2.219825169911e-2
geo/r=2/m=12,949,2.181670925134e-2
geo/r=2/m=12,983,2.143087826390e-2
geo/r=2/m=12,1017,2.106373207825e-2
geo/r=2/m=12,1053,2.069387543199e-2
geo/r=2/m=12,1090,2.033252966819e-2
geo/r=2/m=12,1129,1.997076270880e-2
geo/r=2/m=12,1169,1.961860178329e-2
geo/r=2/m=12,1210,1.927601690416e-2
geo/r=2/m=12,1252,1.894294498202e-2
geo/r=2/m=12,1297,1.860464217707e-2
geo/r=2/m=12,1342,1.828408084945e-2
geo/r=2/m=12,1389,1.796674824393e-2
geo/r=2/m=12,1438,1.765343623116e-2
geo/r=2/m=12,1489,1.734481208071e-2
geo/r=2/m=12,1542,1.704142361263e-2
geo/r=2/m=12,1596,1.674897223223e-2
geo/r=2/m=12,1652,1.646195203286e-2
geo/r=2/m=12,1710,1.618064479850e-2
geo/r=2/m=12,1771,1.590078238697e-2
geo/r=2/m=12,1833,1.563164839696e-2
geo/r=2/m=12,1898,1.536458010155e-2
geo/r=2/m=12,1964,1.510778000371e-2
geo/r=2/m=12,2034,1.484979653972e-2
geo/r=2/m=12,2105,1.460186117146e-2
geo/r=2/m=12,2179,1.435680669547e-2
geo/r=2/m=12,2256,1.411495109152e-2
geo/r=2/m=12,2336,1.387653956637e-2
geo/r=2/m=12,2418,1.364451354179e-2
geo/r=2/m=12,2503,1.341597502618e-2
geo/r=2/m=12,2591,1.319104297634e-2
geo/r=2/m=12,2683,1.296743289559e-2
geo/r=2/m=12,2777,1.275006245894e-2
geo/r=2/m=12,2875,1.253433551134e-2
geo/r=2/m=12,2976,1.232263566475e-2
geo/r=2/m=12,3081,1.211302032412e-2
geo/r=2/m=12,3190,1.190576792504e-2
geo/r=2/m=12,3302,1.170289538984e-2
geo/r=2/m=12,3418,1.150269127453e-2
geo/r=2/m=12,3539,1.130376452840e-2
geo/r=2/m=12,3664,1.110806568623e-2
geo/r=2/m=12,3793,1.091575843615e-2
geo/r=2/m=12,3926,1.072698894852e-2
geo/r=2/m=12,4065,1.053925066344e-2
geo/r=2/m=12,4208,1.035554685603e-2
geo/r=2/m=12,4356,1.017476279202e-2
geo/r=2/m=12,4510,9.996003359460e-3
geo/r=2/m=12,4668,9.821791715895e-3
geo/r=2/m=12,4833,9.649067944949e-3
geo/r=2/m=12,5003,9.480219537647e-3
geo/r=2/m=12,5179,9.314422645109e-3
geo/r=2/m=12,5362,9.151015079854e-3
geo/r=2/m=12,5551,8.991123039091e-3
geo/r=2/m=12,5746,8.834865614732e-3
geo/r=2/m=12,5949,8.680848176376e-3
geo/r=2/m=12,6158,8.530752345838e-3
geo/r=2/m=12,6375,8.383259070069e-3
geo/r=2/m=12,6600,8.238556725457e-3
geo/r=2/m=12,6833,8.096785894187e-3
geo/r=2/m=12,7073,7.958603914117e-3
geo/r=2/m=12,7323,7.822389203855e-3
geo/r=2/m=12,7581,7.689345182554e-3
geo/r=2/m=12,7848,7.558987535370e-3
geo/r=2/m=12,8124,7.431358175439e-3
geo/r=2/m=12,8410,7.306043811779e-3
geo/r=2/m=12,8707,7.182695976430e-3
geo/r=2/m=12,9013,7.062173237485e-3
geo/r=2/m=12,9331,6.943327874229e-3
geo/r=2/m=12,9660,6.826605555502e-3
geo/r=2/m=12,10000,6.712028157663e-3
geo/r=2/m=12,10352,6.599290401462e-3
geo/r=2/m=12,10717,6.488137099284e-3
geo/r=2/m=12,11095,6.378640335519e-3
geo/r=2/m=12,11486,6.270857749878e-3
geo/r=2/m=12,11890,6.164835941722e-3
geo/r=2/m=12,12309,6.060125417506e-3
geo/r=2/m=12,12743,5.956827715083e-3
geo/r=2/m=12,13192,5.855032828820e-3
geo/r=2/m=12,13656,5.754821136747e-3
geo/r=2/m=12,14138,5.655662387567e-3
geo/r=2/m=12,14636,5.558089811922e-3
geo/r=2/m=12,15151,5.462002812621e-3
geo/r=2/m=12,15685,5.367153770499e-3
geo/r=2/m=12,16238,5.273681203697e-3
geo/r=2/m=12,16810,5.181708733116e-3
geo/r=2/m=12,17402,5.091196307785e-3
geo/r=2/m=12,18015,5.002119124977e-3
geo/r=2/m=12,18650,4.914464693828e-3
geo/r=2/m=12,19307,4.828357784449e-3
geo/r=2/m=12,19987,4.743782864580e-3
geo/r=2/m=12,20691,4.660730763189e-3
geo/r=2/m=12,21420,4.579196492694e-3
geo/r=2/m=12,22175,4.499177311945e-3
geo/r=2/m=12,22956,4.420768735303e-3
geo/r=2/m=12,23765,4.343859581980e-3
geo/r=2/m=12,24602,4.268533020084e-3
geo/r=2/m=12,25469,4.194684680708e-3
geo/r=2/m=12,26367,4.122304166895e-3
geo/r=2/m=12,27295,4.051525293984e-3
geo/r=2/m=12,28257,3.982094567637e-3
geo/r=2/m=12,29253,3.914067721095e-3
geo/r=2/m=12,30283,3.847480761639e-3
geo/r=2/m=12,31350,3.782173797797e-3
geo/r=2/m=12,32455,3.718122757008e-3
geo/r=2/m=12,33598,3.655353137450e-3
geo/r=2/m=12,34782,3.593724178605e-3
geo/r=2/m=12,36007,3.533258991415e-3
geo/r=2/m=12,37276,3.473831657206e-3
geo/r=2/m=12,38589,3.415464152428e-3
geo/r=2/m=12,39949,3.358045005822e-3
geo/r=2/m=12,41356,3.301596806287e-3
geo/r=2/m=12,42813,3.246022628272e-3
geo/r=2/m=12,44322,3.191276662898e-3
geo/r=2/m=12,45883,3.137387954499e-3
geo/r=2/m=12,47500,3.084251561382e-3
geo/r=2/m=12,49173,3.031904840583e-3
geo/r=2/m=12,50906,2.980263699310e-3
geo/r=2/m=12,52699,2.929372876683e-3
geo/r=2/m=12,54556,2.879166672031e-3
geo/r=2/m=12,56478,2.829670672684e-3
geo/r=2/m=12,58468,2.780862323095e-3
geo/r=2/m=12,60528,2.732750649122e-3
geo/r=2/m=12,62660,2.685347879832e-3
geo/r=2/m=12,64868,2.638627450618e-3
geo/r=2/m=12,67153,2.592631508402e-3
geo/r=2/m=12,69519,2.547342844269e-3
geo/r=2/m=12,71969,2.502769453870e-3
geo/r=2/m=12,74504,2.458955475124e-3
geo/r=2/m=12,77129,2.415875714101e-3
geo/r=2/m=12,79846,2.373558007354e-3
geo/r=2/m=12,82660,2.331983593367e-3
geo/r=2/m=12,85572,2.291193423174e-3
geo/r=2/m=12,88587,2.251169151619e-3
geo/r=2/m=12,91708,2.211920368838e-3
geo/r=2/m=12,94939,2.173442261666e-3
geo/r=2/m=12,98284,2.135729383843e-3
geo/r=2/m=12,101746,2.098785546743e-3
geo/r=2/m=12,105331,2.062581368908e-3
geo/r=2/m=12,109042,2.027118020891e-3
geo/r=2/m=12,112884,1.992375036589e-3
geo/r=2/m=12,116861,1.958340263995e-3
geo/r=2/m=12,120978,1.924991680569e-3
geo/r=2/m=12,125240,1.892307112916e-3
geo/r=2/m=12,129653,1.860257156885e-3
geo/r=2/m=12,134221,1.828827194762e-3
geo/r=2/m=12,138950,1.797988427176e-3
geo/r=2/m=12,143845,1.767719626163e-3
geo/r=2/m=12,148913,1.737988482078e-3
geo/r=2/m=12,154159,1.708776460382e-3
geo/r=2/m=12,159591,1.680050235963e-3
geo/r=2/m=12,165213,1.651800107405e-3
geo/r=2/m=12,171034,1.623993076390e-3
geo/r=2/m=12,177060,1.596614377375e-3
geo/r=2/m=12,183298,1.569647098252e-3
geo/r=2/m=12,189756,1.543073275248e-3
geo/r=2/m=12,196441,1.516882431119e-3
geo/r=2/m=12,203362,1.491059544790e-3
geo/r=2/m=12,210527,1.465597059938e-3
geo/r=2/m=12,217944,1.440490425670e-3
geo/r=2/m=12,225623,1.415731532492e-3
geo/r=2/m=12,233572,1.391321899621e-3
geo/r=2/m=12,241801,1.367259369215e-3
geo/r=2/m=12,250320,1.343544570234e-3
geo/r=2/m=12,259140,1.320177858739e-3
geo/r=2/m=12,268270,1.297166848892e-3
geo/r=2/m=12,277721,1.274515334163e-3
geo/r=2/m=12,287506,1.252224044140e-3
geo/r=2/m=12,297635,1.230301820354e-3
geo/r=2/m=12,308121,1.208751450727e-3
geo/r=2/m=12,318977,1.187576531579e-3
geo/r=2/m=12,330215,1.166782802624e-3
geo/r=2/m=12,341849,1.146372135923e-3
geo/r=2/m=12,353893,1.126346345997e-3
geo/r=2/m=12,366361,1.106706838850e-3
geo/r=2/m=12,379269,1.087451417090e-3
geo/r=2/m=12,392631,1.068580319610e-3
geo/r=2/m=12,406464,1.050088733812e-3
geo/r=2/m=12,420785,1.031971423572e-3
geo/r=2/m=12,435610,1.014223728033e-3
geo/r=2/m=12,450957,9.968378361038e-4
geo/r=2/m=12,466845,9.798044033435e-4
geo/r=2/m=12,483293,9.631137824180e-4
geo/r=2/m=12,500320,9.467560033190e-4
geo/r=2/m=12,517947,9.307190271657e-4
geo/r=2/m=12,536196,9.149901126376e-4
geo/r=2/m=12,555087,8.995584588245e-4
geo/r=2/m=12,574643,8.844110650703e-4
geo/r=2/m=12,594889,8.695341420346e-4
geo/r=2/m=12,615848,8.549162515687e-4
geo/r=2/m=12,637546,8.405447676085e-4
geo/r=2/m=12,660008,8.264088925999e-4
geo/r=2/m=12,683261,8.124977809770e-4
geo/r=2/m=12,707333,7.988014209946e-4
geo/r=2/m=12,732254,7.853102431389e-4
geo/r=2/m=12,758052,7.720173641053e-4
geo/r=2/m=12,784760,7.589149365636e-4
geo/r=2/m=12,812408,7.459983218955e-4
geo/r=2/m=12,841031,7.332621714651e-4
geo/r=2/m=12,870662,7.207037389651e-4
geo/r=2/m=12,901337,7.083205496048e-4
geo/r=2/m=12,933093,6.961112759545e-4
geo/r=2/m=12,965967,6.840759916150e-4
geo/r=2/m=12,1000000,6.722146025755e-4
geo/r=4/m=7,1,5.000000000000e-1
geo/r=4/m=7,2,3.125000000000e-1
geo/r=4/m=7,3,2.402343750000e-1
geo/r=4/m=7,4,2.105255126953e-1
geo/r=4/m=7,5,1.965950429440e-1
geo/r=4/m=7,6,1.885743211751e-1
geo/r=4/m=7,7,1.828244768904e-1
geo/r=4/m=7,8,1.780018386258e-1
geo/r=4/m=7,9,1.736084045552e-1
geo/r=4/m=7,10,1.694578220144e-1
geo/r=4/m=7,11,1.654786472490e-1
geo/r=4/m=7,12,1.616418617469e-1
geo/r=4/m=7,13,1.579341656980e-1
geo/r=4/m=7,14,1.543481361807e-1
geo/r=4/m=7,15,1.508785985303e-1
geo/r=4/m=7,16,1.475212867841e-1
geo/r=4/m=7,17,1.442723475282e-1
geo/r=4/m=7,18,1.411281545471e-1
geo/r=4/m=7,19,1.380852380601e-1
geo/r=4/m=7,20,1.351402562536e-1
geo/r=4/m=7,21,1.322899824752e-1
geo/r=4/m=7,22,1.295312982738e-1
geo/r=4/m=7,23,1.268611886668e-1
geo/r=4/m=7,24,1.242767383003e-1
geo/r=4/m=7,25,1.217751280063e-1
geo/r=4/m=7,26,1.193536315744e-1
geo/r=4/m=7,27,1.170096126655e-1
geo/r=4/m=7,28,1.147405218415e-1
geo/r=4/m=7,29,1.125438936977e-1
geo/r=4/m=7,30,1.104173440919e-1
geo/r=4/m=7,31,1.083585674647e-1
geo/r=4/m=7,32,1.063653342498e-1
geo/r=4/m=7,33,1.044354883679e-1
geo/r=4/m=7,34,1.025669448050e-1
geo/r=4/m=7,35,1.007576872695e-1
geo/r=4/m=7,37,9.730929520788e-2
geo/r=4/m=7,38,9.566645169306e-2
geo/r=4/m=7,39,9.407547206076e-2
geo/r=4/m=7,41,9.104233983293e-2
geo/r=4/m=7,42,8.959694358502e-2
geo/r=4/m=7,44,8.684077862178e-2
geo/r=4/m=7,45,8.552707652069e-2
geo/r=4/m=7,47,8.302145857300e-2
geo/r=4/m=7,48,8.182688992465e-2
geo/r=4/m=7,50,7.954792589148e-2
geo/r=4/m=7,52,7.740792834184e-2
geo/r=4/m=7,54,7.539792061846e-2
geo/r=4/m=7,56,7.350950799532e-2
geo/r=4/m=7,57,7.260842627947e-2
geo/r=4/m=7,59,7.088784691630e-2
geo/r=4/m=7,62,6.849784700661e-2
geo/r=4/m=7,64,6.702223576754e-2
geo/r=4/m=7,66,6.563373667974e-2
geo/r=4/m=7,68,6.432673450090e-2
geo/r=4/m=7,71,6.250764447021e-2
geo/r=4/m=7,73,6.138214875318e-2
geo/r=4/m=7,76,5.981364410041e-2
geo/r=4/m=7,78,5.884184233384e-2
geo/r=4/m=7,81,5.748554736634e-2
geo/r=4/m=7,84,5.624065984472e-2
geo/r=4/m=7,87,5.509662830210e-2
geo/r=4/m=7,90,5.404391008976e-2
geo/r=4/m=7,93,5.307387486812e-2
geo/r=4/m=7,97,5.189573077712e-2
geo/r=4/m=7,100,5.108954771499e-2
geo/r=4/m=7,104,5.010612507648e-2
geo/r=4/m=7,107,4.943005304371e-2
geo/r=4/m=7,111,4.860132561433e-2
geo/r=4/m=7,115,4.784631919751e-2
geo/r=4/m=7,119,4.715601770571e-2
geo/r=4/m=7,123,4.652253454165e-2
geo/r=4/m=7,127,4.593897088451e-2
geo/r=4/m=7,132,4.527059504811e-2
geo/r=4/m=7,137,4.466069062803e-2
geo/r=4/m=7,141,4.420904724846e-2
geo/r=4/m=7,146,4.368363728002e-2
geo/r=4/m=7,152,4.310229949984e-2
geo/r=4/m=7,157,4.265259741006e-2
geo/r=4/m=7,162,4.222973983090e-2
geo/r=4/m=7,168,4.175253283546e-2
geo/r=4/m=7,174,4.130326043720e-2
geo/r=4/m=7,180,4.087751606817e-2
geo/r=4/m=7,186,4.047168791882e-2
geo/r=4/m=7,193,4.001947285626e-2
geo/r=4/m=7,200,3.958655382188e-2
geo/r=4/m=7,207,3.916990937424e-2
geo/r=4/m=7,214,3.876713604304e-2
geo/r=4/m=7,222,3.832137112178e-2
geo/r=4/m=7,230,3.788898713923e-2
geo/r=4/m=7,238,3.746824196667e-2
geo/r=4/m=7,246,3.705778118821e-2
geo/r=4/m=7,255,3.660699833971e-2
geo/r=4/m=7,264,3.616673257448e-2
geo/r=4/m=7,273,3.573608773746e-2
geo/r=4/m=7,283,3.526803690931e-2
geo/r=4/m=7,293,3.481026796433e-2
geo/r=4/m=7,303,3.436220397757e-2
geo/r=4/m=7,314,3.387999809950e-2
geo/r=4/m=7,325,3.340848932939e-2
geo/r=4/m=7,336,3.294727325312e-2
geo/r=4/m=7,348,3.245546663068e-2
geo/r=4/m=7,360,3.197511866590e-2
geo/r=4/m=7,373,3.146727893347e-2
geo/r=4/m=7,386,3.097209775449e-2
geo/r=4/m=7,399,3.048921523584e-2
geo/r=4/m=7,414,2.994688601498e-2
geo/r=4/m=7,428,2.945464847697e-2
geo/r=4/m=7,443,2.894174220537e-2
geo/r=4/m=7,459,2.841067284435e-2
geo/r=4/m=7,475,2.789564031160e-2
geo/r=4/m=7,492,2.736542740414e-2
geo/r=4/m=7,509,2.685216869112e-2
geo/r=4/m=7,527,2.632657387389e-2
geo/r=4/m=7,546,2.579100676941e-2
geo/r=4/m=7,565,2.527447111861e-2
geo/r=4/m=7,585,2.475053883460e-2
geo/r=4/m=7,605,2.424612983260e-2
geo/r=4/m=7,627,2.371292740195e-2
geo/r=4/m=7,649,2.320146771211e-2
geo/r=4/m=7,672,2.268900447877e-2
geo/r=4/m=7,695,2.219828492748e-2
geo/r=4/m=7,720,2.168843051122e-2
geo/r=4/m=7,745,2.120194357157e-2
geo/r=4/m=7,771,2.071957645992e-2
geo/r=4/m=7,798,2.024283078537e-2
geo/r=4/m=7,827,1.975676518772e-2
geo/r=4/m=7,856,1.929615935773e-2
geo/r=4/m=7,886,1.884495646400e-2
geo/r=4/m=7,917,1.840417665540e-2
geo/r=4/m=7,949,1.797471565044e-2
geo/r=4/m=7,983,1.754508492324e-2
geo/r=4/m=7,1017,1.714118781097e-2
geo/r=4/m=7,1053,1.673973016280e-2
geo/r=4/m=7,1090,1.635329746161e-2
geo/r=4/m=7,1129,1.597266802830e-2
geo/r=4/m=7,1169,1.560865227172e-2
geo/r=4/m=7,1210,1.526115769570e-2
geo/r=4/m=7,1252,1.493000119543e-2
geo/r=4/m=7,1297,1.460081966600e-2
geo/r=4/m=7,1342,1.429595896798e-2
geo/r=4/m=7,1389,1.400129203888e-2
geo/r=4/m=7,1438,1.371764545856e-2
geo/r=4/m=7,1489,1.344563030003e-2
geo/r=4/m=7,1542,1.318565341650e-2
geo/r=4/m=7,1596,1.294224854631e-2
geo/r=4/m=7,1652,1.271042634440e-2
geo/r=4/m=7,1710,1.249015313100e-2
geo/r=4/m=7,1771,1.227792588995e-2
geo/r=4/m=7,1833,1.208039053747e-2
geo/r=4/m=7,1898,1.189072527911e-2
geo/r=4/m=7,1964,1.171426988304e-2
geo/r=4/m=7,2034,1.154273726194e-2
geo/r=4/m=7,2105,1.138314930238e-2
geo/r=4/m=7,2179,1.123028242386e-2
geo/r=4/m=7,2256,1.108390460171e-2
geo/r=4/m=7,2336,1.094368449177e-2
geo/r=4/m=7,2418,1.081077422946e-2
geo/r=4/m=7,2503,1.068293056585e-2
geo/r=4/m=7,2591,1.055969522413e-2
geo/r=4/m=7,2683,1.043932223635e-2
geo/r=4/m=7,2777,1.032393534773e-2
geo/r=4/m=7,2875,1.021058128022e-2
geo/r=4/m=7,2976,1.010004252095e-2
geo/r=4/m=7,3081,9.990850479624e-3
geo/r=4/m=7,3190,9.882722259733e-3
geo/r=4/m=7,3302,9.776313314228e-3
geo/r=4/m=7,3418,9.670365268583e-3
geo/r=4/m=7,3539,9.563790298410e-3
geo/r=4/m=7,3664,9.457313623455e-3
geo/r=4/m=7,3793,9.350761379003e-3
geo/r=4/m=7,3926,9.243992882238e-3
geo/r=4/m=7,4065,9.135356906416e-3
geo/r=4/m=7,4208,9.026395093751e-3
geo/r=4/m=7,4356,8.916317313670e-3
geo/r=4/m=7,4510,8.804428626127e-3
geo/r=4/m=7,4668,8.692225446233e-3
geo/r=4/m=7,4833,8.577662001813e-3
geo/r=4/m=7,5003,8.462251175915e-3
geo/r=4/m=7,5179,8.345427614041e-3
geo/r=4/m=7,5362,8.226697329979e-3
geo/r=4/m=7,5551,8.106887454124e-3
geo/r=4/m=7,5746,7.986160580098e-3
geo/r=4/m=7,5949,7.863490191654e-3
geo/r=4/m=7,6158,7.740299635939e-3
geo/r=4/m=7,6375,7.615625962679e-3
geo/r=4/m=7,6600,7.489729703854e-3
geo/r=4/m=7,6833,7.362869938177e-3
geo/r=4/m=7,7073,7.235824646524e-3
geo/r=4/m=7,7323,7.107280315664e-3
geo/r=4/m=7,7581,6.978557486583e-3
geo/r=4/m=7,7848,6.849419972674e-3
geo/r=4/m=7,8124,6.720145780533e-3
geo/r=4/m=7,8410,6.590558665859e-3
geo/r=4/m=7,8707,6.460533661927e-3
geo/r=4/m=7,9013,6.331240608097e-3
geo/r=4/m=7,9331,6.201716522862e-3
geo/r=4/m=7,9660,6.072705596791e-3
geo/r=4/m=7,10000,5.944507011130e-3
geo/r=4/m=7,10352,5.817049423235e-3
geo/r=4/m=7,10717,5.690303758956e-3
geo/r=4/m=7,11095,5.564606102612e-3
geo/r=4/m=7,11486,5.440271873416e-3
geo/r=4/m=7,11890,5.317594810342e-3
geo/r=4/m=7,12309,5.196280950451e-3
geo/r=4/m=7,12743,5.076660875059e-3
geo/r=4/m=7,13192,4.959038193312e-3
geo/r=4/m=7,13656,4.843688787381e-3
geo/r=4/m=7,14138,4.730172945029e-3
geo/r=4/m=7,14636,4.619256195813e-3
geo/r=4/m=7,15151,4.510958453535e-3
geo/r=4/m=7,15685,4.405124178938e-3
geo/r=4/m=7,16238,4.302018918287e-3
geo/r=4/m=7,16810,4.201871159833e-3
geo/r=4/m=7,17402,4.104713937502e-3
geo/r=4/m=7,18015,4.010585781909e-3
geo/r=4/m=7,18650,3.919527551107e-3
geo/r=4/m=7,19307,3.831708369872e-3
geo/r=4/m=7,19987,3.747137570860e-3
geo/r=4/m=7,20691,3.665820906679e-3
geo/r=4/m=7,21420,3.587758194320e-3
geo/r=4/m=7,22175,3.512941228082e-3
geo/r=4/m=7,22956,3.441439930690e-3
geo/r=4/m=7,23765,3.373123264856e-3
geo/r=4/m=7,24602,3.308025389315e-3
geo/r=4/m=7,25469,3.246005964950e-3
geo/r=4/m=7,26367,3.186998902719e-3
geo/r=4/m=7,27295,3.131039815518e-3
geo/r=4/m=7,28257,3.077847626240e-3
geo/r=4/m=7,29253,3.027380082183e-3
geo/r=4/m=7,30283,2.979564300963e-3
geo/r=4/m=7,31350,2.934179442219e-3
geo/r=4/m=7,32455,2.891098836824e-3
geo/r=4/m=7,33598,2.850220143108e-3
geo/r=4/m=7,34782,2.811327427273e-3
geo/r=4/m=7,36007,2.774307359656e-3
geo/r=4/m=7,37276,2.738951792192e-3
geo/r=4/m=7,38589,2.705140980232e-3
geo/r=4/m=7,39949,2.672676560968e-3
geo/r=4/m=7,41356,2.641438042628e-3
geo/r=4/m=7,42813,2.611239988593e-3
geo/r=4/m=7,44322,2.581929438654e-3
geo/r=4/m=7,45883,2.553397054678e-3
geo/r=4/m=7,47500,2.525467290957e-3
geo/r=4/m=7,49173,2.498045629730e-3
geo/r=4/m=7,50906,2.470980114688e-3
geo/r=4/m=7,52699,2.444193267117e-3
geo/r=4/m=7,54556,2.417556864479e-3
geo/r=4/m=7,56478,2.390998358524e-3
geo/r=4/m=7,58468,2.364427358829e-3
geo/r=4/m=7,60528,2.337778197912e-3
geo/r=4/m=7,62660,2.310995109906e-3
geo/r=4/m=7,64868,2.284007789114e-3
geo/r=4/m=7,67153,2.256792782596e-3
geo/r=4/m=7,69519,2.229299477343e-3
geo/r=4/m=7,71969,2.201498601050e-3
geo/r=4/m=7,74504,2.173391074496e-3
geo/r=4/m=7,77129,2.144940584814e-3
geo/r=4/m=7,79846,2.116151182944e-3
geo/r=4/m=7,82660,2.087001546443e-3
geo/r=4/m=7,85572,2.057517958947e-3
geo/r=4/m=7,88587,2.027690847270e-3
geo/r=4/m=7,91708,1.997536163910e-3
geo/r=4/m=7,94939,1.967064624585e-3
geo/r=4/m=7,98284,1.936291493776e-3
geo/r=4/m=7,101746,1.905245023583e-3
geo/r=4/m=7,105331,1.873930435030e-3
geo/r=4/m=7,109042,1.842383384118e-3
geo/r=4/m=7,112884,1.810625384527e-3
geo/r=4/m=7,116861,1.778689596302e-3
geo/r=4/m=7,120978,1.746604007946e-3
geo/r=4/m=7,125240,1.714399780457e-3
geo/r=4/m=7,129653,1.682103772964e-3
geo/r=4/m=7,134221,1.649760340950e-3
geo/r=4/m=7,138950,1.617401774110e-3
geo/r=4/m=7,143845,1.585069838264e-3
geo/r=4/m=7,148913,1.552795528187e-3
geo/r=4/m=7,154159,1.520625164017e-3
geo/r=4/m=7,159591,1.488588786498e-3
geo/r=4/m=7,165213,1.456742139618e-3
geo/r=4/m=7,171034,1.425113778998e-3
geo/r=4/m=7,177060,1.393751151365e-3
geo/r=4/m=7,183298,1.362697274436e-3
geo/r=4/m=7,189756,1.331991432643e-3
geo/r=4/m=7,196441,1.301678671052e-3
geo/r=4/m=7,203362,1.271795593574e-3
geo/r=4/m=7,210527,1.242384011224e-3
geo/r=4/m=7,217944,1.213485571429e-3
geo/r=4/m=7,225623,1.185134072382e-3
geo/r=4/m=7,233572,1.157370520104e-3
geo/r=4/m=7,241801,1.130227814493e-3
geo/r=4/m=7,250320,1.103738182526e-3
geo/r=4/m=7,259140,1.077929790102e-3
geo/r=4/m=7,268270,1.052835074084e-3
geo/r=4/m=7,277721,1.028478524045e-3
geo/r=4/m=7,287506,1.004877904963e-3
geo/r=4/m=7,297635,9.820562145431e-4
geo/r=4/m=7,308121,9.600267200294e-4
geo/r=4/m=7,318977,9.388004339602e-4
geo/r=4/m=7,330215,9.183874088301e-4
geo/r=4/m=7,341849,8.987908388891e-4
geo/r=4/m=7,353893,8.800110216088e-4
geo/r=4/m=7,366361,8.620450392929e-4
geo/r=4/m=7,379269,8.448839651539e-4
geo/r=4/m=7,392631,8.285184155065e-4
geo/r=4/m=7,406464,8.129319887665e-4
geo/r=4/m=7,420785,7.981055685437e-4
geo/r=4/m=7,435610,7.840181266918e-4
geo/r=4/m=7,450957,7.706438214202e-4
geo/r=4/m=7,466845,7.579535827748e-4
geo/r=4/m=7,483293,7.459162162086e-4
geo/r=4/m=7,500320,7.344985073005e-4
geo/r=4/m=7,517947,7.236642236590e-4
geo/r=4/m=7,536196,7.133753835635e-4
geo/r=4/m=7,555087,7.035941703752e-4
geo/r=4/m=7,574643,6.942804721526e-4
geo/r=4/m=7,594889,6.853931825892e-4
geo/r=4/m=7,615848,6.768923391659e-4
geo/r=4/m=7,637546,6.687372548911e-4
geo/r=4/m=7,660008,6.608885566601e-4
geo/r=4/m=7,683261,6.533073634940e-4
geo/r=4/m=7,707333,6.459560458593e-4
geo/r=4/m=7,732254,6.387982466480e-4
geo/r=4/m=7,758052,6.318002721555e-4
geo/r=4/m=7,784760,6.249293400063e-4
geo/r=4/m=7,812408,6.181559357589e-4
geo/r=4/m=7,841031,6.114518811714e-4
geo/r=4/m=7,870662,6.047921739508e-4
geo/r=4/m=7,901337,5.981538372482e-4
geo/r=4/m=7,933093,5.915164253383e-4
geo/r=4/m=7,965967,5.848621946692e-4
geo/r=4/m=7,1000000,5.781752432345e-4
geo/r=8/m=5,1,5.000000000000e-1
geo/r=8/m=5,2,2.812500000000e-1
geo/r=8/m=5,3,1.853027343750e-1
geo/r=8/m=5,4,1.429769992828e-1
geo/r=8/m=5,5,1.240669002000e-1
geo/r=8/m=5,6,1.153839254355e-1
geo/r=8/m=5,7,1.111696858103e-1
geo/r=8/m=5,8,1.089099292204e-1
geo/r=8/m=5,9,1.075068574937e-1
geo/r=8/m=5,10,1.064811241679e-1
geo/r=8/m=5,11,1.056234111062e-1
geo/r=8/m=5,12,1.048423000286e-1
geo/r=8/m=5,13,1.040978502445e-1
geo/r=8/m=5,14,1.033725973893e-1
geo/r=8/m=5,15,1.026588909042e-1
geo/r=8/m=5,16,1.019533653301e-1
geo/r=8/m=5,17,1.012545263653e-1
geo/r=8/m=5,18,1.005616968886e-1
geo/r=8/m=5,19,9.987455677199e-2
geo/r=8/m=5,20,9.919294195118e-2
geo/r=8/m=5,21,9.851675669509e-2
geo/r=8/m=5,22,9.784593529911e-2
geo/r=8/m=5,23,9.718042535822e-2
geo/r=8/m=5,24,9.652018046221e-2
geo/r=8/m=5,25,9.586515700474e-2
geo/r=8/m=5,26,9.521531278868e-2
geo/r=8/m=5,27,9.457060641569e-2
geo/r=8/m=5,28,9.393099701821e-2
geo/r=8/m=5,29,9.329644414108e-2
geo/r=8/m=5,30,9.266690768833e-2
geo/r=8/m=5,31,9.204234789862e-2
geo/r=8/m=5,32,9.142272533301e-2
geo/r=8/m=5,33,9.080800086831e-2
geo/r=8/m=5,34,9.019813569273e-2
geo/r=8/m=5,35,8.959309130263e-2
geo/r=8/m=5,37,8.839731238867e-2
geo/r=8/m=5,38,8.780650237419e-2
geo/r=8/m=5,39,8.722036215913e-2
geo/r=8/m=5,41,8.606194341379e-2
geo/r=8/m=5,42,8.548959175748e-2
geo/r=8/m=5,44,8.435842323019e-2
geo/r=8/m=5,45,8.379953495777e-2
geo/r=8/m=5,47,8.269497400838e-2
geo/r=8/m=5,48,8.214923161389e-2
geo/r=8/m=5,50,8.107065075822e-2
geo/r=8/m=5,52,8.000904868503e-2
geo/r=8/m=5,54,7.896415739498e-2
geo/r=8/m=5,56,7.793571311910e-2
geo/r=8/m=5,57,7.742757732396e-2
geo/r=8/m=5,59,7.642331809239e-2
geo/r=8/m=5,62,7.494648674746e-2
geo/r=8/m=5,64,7.398127513091e-2
geo/r=8/m=5,66,7.303125283868e-2
geo/r=8/m=5,68,7.209618011807e-2
geo/r=8/m=5,71,7.072108632362e-2
geo/r=8/m=5,73,6.982236330301e-2
geo/r=8/m=5,76,6.850072110748e-2
geo/r=8/m=5,78,6.763693034089e-2
geo/r=8/m=5,81,6.636665541675e-2
geo/r=8/m=5,84,6.512623432475e-2
geo/r=8/m=5,87,6.391496303405e-2
geo/r=8/m=5,90,6.273215411754e-2
geo/r=8/m=5,93,6.157713636034e-2
geo/r=8/m=5,97,6.007921284525e-2
geo/r=8/m=5,100,5.898651906893e-2
geo/r=8/m=5,104,5.756941392890e-2
geo/r=8/m=5,107,5.653566848955e-2
geo/r=8/m=5,111,5.519500437904e-2
geo/r=8/m=5,115,5.389614730282e-2
geo/r=8/m=5,119,5.263778791624e-2
geo/r=8/m=5,123,5.141865788447e-2
geo/r=8/m=5,127,5.023752859803e-2
geo/r=8/m=5,132,4.881274601799e-2
geo/r=8/m=5,137,4.744323987096e-2
geo/r=8/m=5,141,4.638598269110e-2
geo/r=8/m=5,146,4.511059905791e-2
geo/r=8/m=5,152,4.364524280976e-2
geo/r=8/m=5,157,4.247611246349e-2
geo/r=8/m=5,162,4.135228984148e-2
geo/r=8/m=5,168,4.006102629283e-2
geo/r=8/m=5,174,3.882954311799e-2
geo/r=8/m=5,180,3.765505415953e-2
geo/r=8/m=5,186,3.653490312686e-2
geo/r=8/m=5,193,3.529336537949e-2
geo/r=8/m=5,200,3.411852623323e-2
geo/r=8/m=5,207,3.300677335428e-2
geo/r=8/m=5,214,3.195469007453e-2
geo/r=8/m=5,222,3.082123660009e-2
geo/r=8/m=5,230,2.975695890731e-2
geo/r=8/m=5,238,2.875759225743e-2
geo/r=8/m=5,246,2.781913487830e-2
geo/r=8/m=5,255,2.683150960741e-2
geo/r=8/m=5,264,2.591122907818e-2
geo/r=8/m=5,273,2.505364101302e-2
geo/r=8/m=5,283,2.416903633439e-2
geo/r=8/m=5,293,2.335098111634e-2
geo/r=8/m=5,303,2.259438749241e-2
geo/r=8/m=5,314,2.182752551886e-2
geo/r=8/m=5,325,2.112360029992e-2
geo/r=8/m=5,336,2.047734010350e-2
geo/r=8/m=5,348,1.983243113929e-2
geo/r=8/m=5,360,1.924468434090e-2
geo/r=8/m=5,373,1.866644240383e-2
geo/r=8/m=5,386,1.814319967615e-2
geo/r=8/m=5,399,1.766955520326e-2
geo/r=8/m=5,414,1.717833556885e-2
geo/r=8/m=5,428,1.676768777572e-2
geo/r=8/m=5,443,1.637330886541e-2
geo/r=8/m=5,459,1.599879677569e-2
geo/r=8/m=5,475,1.566635763914e-2
geo/r=8/m=5,492,1.535363255033e-2
geo/r=8/m=5,509,1.507745486563e-2
geo/r=8/m=5,527,1.481974571641e-2
geo/r=8/m=5,546,1.458130229225e-2
geo/r=8/m=5,565,1.437260107004e-2
geo/r=8/m=5,585,1.418047852810e-2
geo/r=8/m=5,605,1.401254364505e-2
geo/r=8/m=5,627,1.385153348139e-2
geo/r=8/m=5,649,1.371150980885e-2
geo/r=8/m=5,672,1.358392410539e-2
geo/r=8/m=5,695,1.347240406924e-2
geo/r=8/m=5,720,1.336630226175e-2
geo/r=8/m=5,745,1.327319637257e-2
geo/r=8/m=5,771,1.318765752589e-2
geo/r=8/m=5,798,1.310876204366e-2
geo/r=8/m=5,827,1.303312239004e-2
geo/r=8/m=5,856,1.296503578468e-2
geo/r=8/m=5,886,1.290092639954e-2
geo/r=8/m=5,917,1.284003711004e-2
geo/r=8/m=5,949,1.278168381244e-2
geo/r=8/m=5,983,1.272359953433e-2
geo/r=8/m=5,1017,1.266865466487e-2
geo/r=8/m=5,1053,1.261312447349e-2
geo/r=8/m=5,1090,1.255824225366e-2
geo/r=8/m=5,1129,1.250224108144e-2
geo/r=8/m=5,1169,1.244631926681e-2
geo/r=8/m=5,1210,1.239022961812e-2
geo/r=8/m=5,1252,1.233378028433e-2
geo/r=8/m=5,1297,1.227419381878e-2
geo/r=8/m=5,1342,1.221535290618e-2
geo/r=8/m=5,1389,1.215455220290e-2
geo/r=8/m=5,1438,1.209176766988e-2
geo/r=8/m=5,1489,1.202698936841e-2
geo/r=8/m=5,1542,1.196022009066e-2
geo/r=8/m=5,1596,1.189271890671e-2
geo/r=8/m=5,1652,1.182324489087e-2
geo/r=8/m=5,1710,1.175182895910e-2
geo/r=8/m=5,1771,1.167729044220e-2
geo/r=8/m=5,1833,1.160211457438e-2
geo/r=8/m=5,1898,1.152392139132e-2
geo/r=8/m=5,1964,1.144516471181e-2
geo/r=8/m=5,2034,1.136232984119e-2
geo/r=8/m=5,2105,1.127903408952e-2
geo/r=8/m=5,2179,1.119298502128e-2
geo/r=8/m=5,2256,1.110426940594e-2
geo/r=8/m=5,2336,1.101297636368e-2
geo/r=8/m=5,2418,1.092032136154e-2
geo/r=8/m=5,2503,1.082524999001e-2
geo/r=8/m=5,2591,1.072785627148e-2
geo/r=8/m=5,2683,1.062714720825e-2
geo/r=8/m=5,2777,1.052540941949e-2
geo/r=8/m=5,2875,1.042057699200e-2
geo/r=8/m=5,2976,1.031383855747e-2
geo/r=8/m=5,3081,1.020425799733e-2
geo/r=8/m=5,3190,1.009197762895e-2
geo/r=8/m=5,3302,9.978151160883e-3
geo/r=8/m=5,3418,9.861886944882e-3
geo/r=8/m=5,3539,9.742351061086e-3
geo/r=8/m=5,3664,9.620701736887e-3
geo/r=8/m=5,3793,9.497088594896e-3
geo/r=8/m=5,3926,9.371661794532e-3
geo/r=8/m=5,4065,9.242732077934e-3
geo/r=8/m=5,4208,9.112352581155e-3
geo/r=8/m=5,4356,8.979786546108e-3
geo/r=8/m=5,4510,8.844361830527e-3
geo/r=8/m=5,4668,8.708036484844e-3
geo/r=8/m=5,4833,8.568446119984e-3
geo/r=8/m=5,5003,8.427531764632e-3
geo/r=8/m=5,5179,8.284687288604e-3
geo/r=8/m=5,5362,8.139374729001e-3
geo/r=8/m=5,5551,7.992660625533e-3
geo/r=8/m=5,5746,7.844788594688e-3
geo/r=8/m=5,5949,7.694536818828e-3
geo/r=8/m=5,6158,7.543677378978e-3
geo/r=8/m=5,6375,7.391054505900e-3
geo/r=8/m=5,6600,7.237007170948e-3
geo/r=8/m=5,6833,7.081869366909e-3
geo/r=8/m=5,7073,6.926606439385e-3
geo/r=8/m=5,7323,6.769626572896e-3
geo/r=8/m=5,7581,6.612555278756e-3
geo/r=8/m=5,7848,6.455115530160e-3
geo/r=8/m=5,8124,6.297657515802e-3
geo/r=8/m=5,8410,6.139978146188e-3
geo/r=8/m=5,8707,5.981938310355e-3
geo/r=8/m=5,9013,5.824971697708e-3
geo/r=8/m=5,9331,5.667921667737e-3
geo/r=8/m=5,9660,5.511704706406e-3
geo/r=8/m=5,10000,5.356696014330e-3
geo/r=8/m=5,10352,5.202822980999e-3
geo/r=8/m=5,10717,5.050065934393e-3
geo/r=8/m=5,11095,4.898846087753e-3
geo/r=8/m=5,11486,4.749558627583e-3
geo/r=8/m=5,11890,4.602571436417e-3
geo/r=8/m=5,12309,4.457549213955e-3
geo/r=8/m=5,12743,4.314905793678e-3
geo/r=8/m=5,13192,4.175021028397e-3
geo/r=8/m=5,13656,4.038239835798e-3
geo/r=8/m=5,14138,3.904060442054e-3
geo/r=8/m=5,14636,3.773407474093e-3
geo/r=8/m=5,15151,3.646321191445e-3
geo/r=8/m=5,15685,3.522638475372e-3
geo/r=8/m=5,16238,3.402690089143e-3
geo/r=8/m=5,16810,3.286760048842e-3
geo/r=8/m=5,17402,3.174903831367e-3
geo/r=8/m=5,18015,3.067183403027e-3
geo/r=8/m=5,18650,2.963663203705e-3
geo/r=8/m=5,19307,2.864551287538e-3
geo/r=8/m=5,19987,2.769871666145e-3
geo/r=8/m=5,20691,2.679643312347e-3
geo/r=8/m=5,21420,2.593877163099e-3
geo/r=8/m=5,22175,2.512573459054e-3
geo/r=8/m=5,22956,2.435813245388e-3
geo/r=8/m=5,23765,2.363457953886e-3
geo/r=8/m=5,24602,2.295542452190e-3
geo/r=8/m=5,25469,2.231914845900e-3
geo/r=8/m=5,26367,2.172499022905e-3
geo/r=8/m=5,27295,2.117313321842e-3
geo/r=8/m=5,28257,2.066058856609e-3
geo/r=8/m=5,29253,2.018670518891e-3
geo/r=8/m=5,30283,1.975044219231e-3
geo/r=8/m=5,31350,1.934936876640e-3
geo/r=8/m=5,32455,1.898190441727e-3
geo/r=8/m=5,33598,1.864660869447e-3
geo/r=8/m=5,34782,1.834107094213e-3
geo/r=8/m=5,36007,1.806369039551e-3
geo/r=8/m=5,37276,1.781212317848e-3
geo/r=8/m=5,38589,1.758466462569e-3
geo/r=8/m=5,39949,1.737906122216e-3
geo/r=8/m=5,41356,1.719357489561e-3
geo/r=8/m=5,42813,1.702608074602e-3
geo/r=8/m=5,44322,1.687469405516e-3
geo/r=8/m=5,45883,1.673777742325e-3
geo/r=8/m=5,47500,1.661341420932e-3
geo/r=8/m=5,49173,1.650012284092e-3
geo/r=8/m=5,50906,1.639623752315e-3
geo/r=8/m=5,52699,1.630045994264e-3
geo/r=8/m=5,54556,1.621137588177e-3
geo/r=8/m=5,56478,1.612784720118e-3
geo/r=8/m=5,58468,1.604875431610e-3
geo/r=8/m=5,60528,1.597313524063e-3
geo/r=8/m=5,62660,1.590013276823e-3
geo/r=8/m=5,64868,1.582892790559e-3
geo/r=8/m=5,67153,1.575889889995e-3
geo/r=8/m=5,69519,1.568941923783e-3
geo/r=8/m=5,71969,1.561997939477e-3
geo/r=8/m=5,74504,1.555019953323e-3
geo/r=8/m=5,77129,1.547965590177e-3
geo/r=8/m=5,79846,1.540806750252e-3
geo/r=8/m=5,82660,1.533512617415e-3
geo/r=8/m=5,85572,1.526067301254e-3
geo/r=8/m=5,88587,1.518448423938e-3
geo/r=8/m=5,91708,1.510642040304e-3
geo/r=8/m=5,94939,1.502634438643e-3
geo/r=8/m=5,98284,1.494414241705e-3
geo/r=8/m=5,101746,1.485974438053e-3
geo/r=8/m=5,105331,1.477302320602e-3
geo/r=8/m=5,109042,1.468393843777e-3
geo/r=8/m=5,112884,1.459241264116e-3
geo/r=8/m=5,116861,1.449840218999e-3
geo/r=8/m=5,120978,1.440184832170e-3
geo/r=8/m=5,125240,1.430270027617e-3
geo/r=8/m=5,129653,1.420089163953e-3
geo/r=8/m=5,134221,1.409640919381e-3
geo/r=8/m=5,138950,1.398920034243e-3
geo/r=8/m=5,143845,1.387924205392e-3
geo/r=8/m=5,148913,1.376647331610e-3
geo/r=8/m=5,154159,1.365088500354e-3
geo/r=8/m=5,159591,1.353240925010e-3
geo/r=8/m=5,165213,1.341107322000e-3
geo/r=8/m=5,171034,1.328680351433e-3
geo/r=8/m=5,177060,1.315960012517e-3
geo/r=8/m=5,183298,1.302945002445e-3
geo/r=8/m=5,189756,1.289632852095e-3
geo/r=8/m=5,196441,1.276024114294e-3
geo/r=8/m=5,203362,1.262116259505e-3
geo/r=8/m=5,210527,1.247909863286e-3
geo/r=8/m=5,217944,1.233406544711e-3
geo/r=8/m=5,225623,1.218605149216e-3
geo/r=8/m=5,233572,1.203509581680e-3
geo/r=8/m=5,241801,1.188121106466e-3
geo/r=8/m=5,250320,1.172442297033e-3
geo/r=8/m=5,259140,1.156475247879e-3
geo/r=8/m=5,268270,1.140227024686e-3
geo/r=8/m=5,277721,1.123702422029e-3
geo/r=8/m=5,287506,1.106904271084e-3
geo/r=8/m=5,297635,1.089842098924e-3
geo/r=8/m=5,308121,1.072521818890e-3
geo/r=8/m=5,318977,1.054951013907e-3
geo/r=8/m=5,330215,1.037140487966e-3
geo/r=8/m=5,341849,1.019099469598e-3
geo/r=8/m=5,353893,1.000838921266e-3
geo/r=8/m=5,366361,9.823715036108e-4
geo/r=8/m=5,379269,9.637086745509e-4
geo/r=8/m=5,392631,9.448665633489e-4
geo/r=8/m=5,406464,9.258587715314e-4
geo/r=8/m=5,420785,9.067008056222e-4
geo/r=8/m=5,435610,8.874112847880e-4
geo/r=8/m=5,450957,8.680079314875e-4
geo/r=8/m=5,466845,8.485090511855e-4
geo/r=8/m=5,483293,8.289347818723e-4
geo/r=8/m=5,500320,8.093069744995e-4
geo/r=8/m=5,517947,7.896468671305e-4
geo/r=8/m=5,536196,7.699763738334e-4
geo/r=8/m=5,555087,7.503211799172e-4
geo/r=8/m=5,574643,7.307052745265e-4
geo/r=8/m=5,594889,7.111522739609e-4
geo/r=8/m=5,615848,6.916892350645e-4
geo/r=8/m=5,637546,6.723417050792e-4
geo/r=8/m=5,660008,6.531373948039e-4
geo/r=8/m=5,683261,6.341033537472e-4
geo/r=8/m=5,707333,6.152668443163e-4
geo/r=8/m=5,732254,5.966545239387e-4
geo/r=8/m=5,758052,5.782952933258e-4
geo/r=8/m=5,784760,5.602150371237e-4
geo/r=8/m=5,812408,5.424421881260e-4
geo/r=8/m=5,841031,5.250021633405e-4
geo/r=8/m=5,870662,5.079217937612e-4
geo/r=8/m=5,901337,4.912260249411e-4
geo/r=8/m=5,933093,4.749390560712e-4
geo/r=8/m=5,965967,4.590846202555e-4
geo/r=8/m=5,1000000,4.436838949276e-4
geo/r=16/m=4,1,5.000000000000e-1
geo/r=16/m=4,2,2.656250000000e-1
geo/r=16/m=4,3,1.557312011719e-1
geo/r=16/m=4,4,1.041737236083e-1
geo/r=16/m=4,5,7.995478213658e-2
geo/r=16/m=4,6,6.854773925004e-2
geo/r=16/m=4,7,6.314490853811e-2
geo/r=16/m=4,8,6.055597180528e-2
geo/r=16/m=4,9,5.928583506999e-2
geo/r=16/m=4,10,5.863384521639e-2
geo/r=16/m=4,11,5.827165167383e-2
geo/r=16/m=4,12,5.804537775804e-2
geo/r=16/m=4,13,5.788291129992e-2
geo/r=16/m=4,14,5.775045781862e-2
geo/r=16/m=4,15,5.763217983144e-2
geo/r=16/m=4,16,5.752065512833e-2
geo/r=16/m=4,17,5.741240518825e-2
geo/r=16/m=4,18,5.730579964008e-2
geo/r=16/m=4,19,5.720007422027e-2
geo/r=16/m=4,20,5.709487055372e-2
geo/r=16/m=4,21,5.699002047918e-2
geo/r=16/m=4,22,5.688544497662e-2
geo/r=16/m=4,23,5.678110680110e-2
geo/r=16/m=4,24,5.667698828534e-2
geo/r=16/m=4,25,5.657308093726e-2
geo/r=16/m=4,26,5.646938056503e-2
geo/r=16/m=4,27,5.636588499244e-2
geo/r=16/m=4,28,5.626259298833e-2
geo/r=16/m=4,29,5.615950376480e-2
geo/r=16/m=4,30,5.605661674212e-2
geo/r=16/m=4,31,5.595393143851e-2
geo/r=16/m=4,32,5.585144741850e-2
geo/r=16/m=4,33,5.574916426877e-2
geo/r=16/m=4,34,5.564708158674e-2
geo/r=16/m=4,35,5.554519897530e-2
geo/r=16/m=4,37,5.534203238946e-2
geo/r=16/m=4,38,5.524074763162e-2
geo/r=16/m=4,39,5.513966137670e-2
geo/r=16/m=4,41,5.493808281954e-2
geo/r=16/m=4,42,5.483758974124e-2
geo/r=16/m=4,44,5.463719405090e-2
geo/r=16/m=4,45,5.453729066742e-2
geo/r=16/m=4,47,5.433807090093e-2
geo/r=16/m=4,48,5.423875375101e-2
geo/r=16/m=4,50,5.404070300623e-2
geo/r=16/m=4,52,5.384342779474e-2
geo/r=16/m=4,54,5.364692507889e-2
geo/r=16/m=4,56,5.345119183291e-2
geo/r=16/m=4,57,5.335361281882e-2
geo/r=16/m=4,59,5.315902813026e-2
geo/r=16/m=4,62,5.286857883409e-2
geo/r=16/m=4,64,5.267589344632e-2
geo/r=16/m=4,66,5.248396257646e-2
geo/r=16/m=4,68,5.229278326915e-2
geo/r=16/m=4,71,5.200741705165e-2
geo/r=16/m=4,73,5.181810379696e-2
geo/r=16/m=4,76,5.153552296282e-2
geo/r=16/m=4,78,5.134805754169e-2
geo/r=16/m=4,81,5.106823489602e-2
geo/r=16/m=4,84,5.079005422046e-2
geo/r=16/m=4,87,5.051350587741e-2
geo/r=16/m=4,90,5.023858028581e-2
geo/r=16/m=4,93,4.996526792085e-2
geo/r=16/m=4,97,4.960334453991e-2
geo/r=16/m=4,100,4.933375964295e-2
geo/r=16/m=4,104,4.897677220828e-2
geo/r=16/m=4,107,4.871086392903e-2
geo/r=16/m=4,111,4.835874510424e-2
geo/r=16/m=4,115,4.800937846360e-2
geo/r=16/m=4,119,4.766274248945e-2
geo/r=16/m=4,123,4.731881583238e-2
geo/r=16/m=4,127,4.697757730989e-2
geo/r=16/m=4,132,4.655477734378e-2
geo/r=16/m=4,137,4.613610407318e-2
geo/r=16/m=4,141,4.580410958889e-2
geo/r=16/m=4,146,4.539276310223e-2
geo/r=16/m=4,152,4.490444349090e-2
geo/r=16/m=4,157,4.450187801036e-2
geo/r=16/m=4,162,4.410324166757e-2
geo/r=16/m=4,168,4.363001053103e-2
geo/r=16/m=4,174,4.316231655364e-2
geo/r=16/m=4,180,4.270009492497e-2
geo/r=16/m=4,186,4.224328159320e-2
geo/r=16/m=4,193,4.171708378208e-2
geo/r=16/m=4,200,4.119806188501e-2
geo/r=16/m=4,207,4.068611800787e-2
geo/r=16/m=4,214,4.018115559202e-2
geo/r=16/m=4,222,3.961248230045e-2
geo/r=16/m=4,230,3.905266320665e-2
geo/r=16/m=4,238,3.850156040075e-2
geo/r=16/m=4,246,3.795903812087e-2
geo/r=16/m=4,255,3.735879064073e-2
geo/r=16/m=4,264,3.676904665515e-2
geo/r=16/m=4,273,3.618962229553e-2
geo/r=16/m=4,283,3.555770110319e-2
geo/r=16/m=4,293,3.493805401097e-2
geo/r=16/m=4,303,3.433044251462e-2
geo/r=16/m=4,314,3.367569199440e-2
geo/r=16/m=4,325,3.303491672331e-2
geo/r=16/m=4,336,3.240781827716e-2
geo/r=16/m=4,348,3.173896623370e-2
geo/r=16/m=4,360,3.108567258797e-2
geo/r=16/m=4,373,3.039507528326e-2
geo/r=16/m=4,386,2.972186348753e-2
geo/r=16/m=4,399,2.906559931223e-2
geo/r=16/m=4,414,2.832887351559e-2
geo/r=16/m=4,428,2.766054450764e-2
geo/r=16/m=4,443,2.696455062246e-2
geo/r=16/m=4,459,2.624438122671e-2
geo/r=16/m=4,475,2.554645840154e-2
geo/r=16/m=4,492,2.482852229546e-2
geo/r=16/m=4,509,2.413412598864e-2
geo/r=16/m=4,527,2.342368253353e-2
geo/r=16/m=4,546,2.270048322732e-2
geo/r=16/m=4,565,2.200373254259e-2
geo/r=16/m=4,585,2.129782055194e-2
geo/r=16/m=4,605,2.061905577443e-2
geo/r=16/m=4,627,1.990252382461e-2
geo/r=16/m=4,649,1.921624217629e-2
geo/r=16/m=4,672,1.852972336062e-2
geo/r=16/m=4,695,1.787347347450e-2
geo/r=16/m=4,720,1.719293245021e-2
geo/r=16/m=4,745,1.654493977439e-2
geo/r=16/m=4,771,1.590388052553e-2
geo/r=16/m=4,798,1.527185684565e-2
geo/r=16/m=4,827,1.462925650337e-2
geo/r=16/m=4,856,1.402216113360e-2
geo/r=16/m=4,886,1.342940445315e-2
geo/r=16/m=4,917,1.285241985985e-2
geo/r=16/m=4,949,1.229246735041e-2
geo/r=16/m=4,983,1.173475557916e-2
geo/r=16/m=4,1017,1.121298158567e-2
geo/r=16/m=4,1053,1.069711074455e-2
geo/r=16/m=4,1090,1.020348431368e-2
geo/r=16/m=4,1129,9.720477018168e-3
geo/r=16/m=4,1169,9.261948821120e-3
geo/r=16/m=4,1210,8.827775821954e-3
geo/r=16/m=4,1252,8.417705766459e-3
geo/r=16/m=4,1297,8.014179675274e-3
geo/r=16/m=4,1342,7.644659039313e-3
geo/r=16/m=4,1389,7.291910433634e-3
geo/r=16/m=4,1438,6.957084111498e-3
geo/r=16/m=4,1489,6.641025526058e-3
geo/r=16/m=4,1542,6.344290621188e-3
geo/r=16/m=4,1596,6.071942762321e-3
geo/r=16/m=4,1652,5.818244809107e-3
geo/r=16/m=4,1710,5.583123801999e-3
geo/r=16/m=4,1771,5.362904227881e-3
geo/r=16/m=4,1833,5.164333279741e-3
geo/r=16/m=4,1898,4.980334496558e-3
geo/r=16/m=4,1964,4.815829110443e-3
geo/r=16/m=4,2034,4.662908670844e-3
geo/r=16/m=4,2105,4.527602352206e-3
geo/r=16/m=4,2179,4.405017425998e-3
geo/r=16/m=4,2256,4.294744972331e-3
geo/r=16/m=4,2336,4.196229636369e-3
geo/r=16/m=4,2418,4.109775081777e-3
geo/r=16/m=4,2503,4.033363871807e-3
geo/r=16/m=4,2591,3.966245728246e-3
geo/r=16/m=4,2683,3.907045737329e-3
geo/r=16/m=4,2777,3.856241587872e-3
geo/r=16/m=4,2875,3.811931338651e-3
geo/r=16/m=4,2976,3.773900125474e-3
geo/r=16/m=4,3081,3.741099998014e-3
geo/r=16/m=4,3190,3.712965061709e-3
geo/r=16/m=4,3302,3.689128520164e-3
geo/r=16/m=4,3418,3.668790330586e-3
geo/r=16/m=4,3539,3.651330990605e-3
geo/r=16/m=4,3664,3.636474162105e-3
geo/r=16/m=4,3793,3.623794618114e-3
geo/r=16/m=4,3926,3.612913591017e-3
geo/r=16/m=4,4065,3.603372667790e-3
geo/r=16/m=4,4208,3.595047439761e-3
geo/r=16/m=4,4356,3.587634019631e-3
geo/r=16/m=4,4510,3.580892638897e-3
geo/r=16/m=4,4668,3.574740799681e-3
geo/r=16/m=4,4833,3.568923236205e-3
geo/r=16/m=4,5003,3.563400901732e-3
geo/r=16/m=4,5179,3.558046486576e-3
geo/r=16/m=4,5362,3.552758103227e-3
geo/r=16/m=4,5551,3.547507158361e-3
geo/r=16/m=4,5746,3.542246819695e-3
geo/r=16/m=4,5949,3.536888855657e-3
geo/r=16/m=4,6158,3.531459989517e-3
geo/r=16/m=4,6375,3.525888584353e-3
geo/r=16/m=4,6600,3.520160989340e-3
geo/r=16/m=4,6833,3.514267369880e-3
geo/r=16/m=4,7073,3.508226028593e-3
geo/r=16/m=4,7323,3.501957103262e-3
geo/r=16/m=4,7581,3.495508233362e-3
geo/r=16/m=4,7848,3.488853003766e-3
geo/r=16/m=4,8124,3.481991003914e-3
geo/r=16/m=4,8410,3.474897687235e-3
geo/r=16/m=4,8707,3.467549193401e-3
geo/r=16/m=4,9013,3.459996176817e-3
geo/r=16/m=4,9331,3.452166075400e-3
geo/r=16/m=4,9660,3.444085350093e-3
geo/r=16/m=4,10000,3.435755878594e-3
geo/r=16/m=4,10352,3.427155239520e-3
geo/r=16/m=4,10717,3.418261365450e-3
geo/r=16/m=4,11095,3.409076814497e-3
geo/r=16/m=4,11486,3.399604232541e-3
geo/r=16/m=4,11890,3.389846348160e-3
geo/r=16/m=4,12309,3.379757890723e-3
geo/r=16/m=4,12743,3.369342219121e-3
geo/r=16/m=4,13192,3.358602794185e-3
geo/r=16/m=4,13656,3.347543176426e-3
geo/r=16/m=4,14138,3.336095905412e-3
geo/r=16/m=4,14636,3.324312773670e-3
geo/r=16/m=4,15151,3.312174402432e-3
geo/r=16/m=4,15685,3.299638471159e-3
geo/r=16/m=4,16238,3.286710222921e-3
geo/r=16/m=4,16810,3.273395049338e-3
geo/r=16/m=4,17402,3.259675363894e-3
geo/r=16/m=4,18015,3.245534151539e-3
geo/r=16/m=4,18650,3.230954995589e-3
geo/r=16/m=4,19307,3.215944894419e-3
geo/r=16/m=4,19987,3.200488357059e-3
geo/r=16/m=4,20691,3.184570553596e-3
geo/r=16/m=4,21420,3.168177343068e-3
geo/r=16/m=4,22175,3.151295301683e-3
geo/r=16/m=4,22956,3.133933914697e-3
geo/r=16/m=4,23765,3.116058841699e-3
geo/r=16/m=4,24602,3.097680856119e-3
geo/r=16/m=4,25469,3.078767499584e-3
geo/r=16/m=4,26367,3.059309335634e-3
geo/r=16/m=4,27295,3.039340697363e-3
geo/r=16/m=4,28257,3.018789152198e-3
geo/r=16/m=4,29253,2.997669584306e-3
geo/r=16/m=4,30283,2.975997207425e-3
geo/r=16/m=4,31350,2.953725179949e-3
geo/r=16/m=4,32455,2.930850270653e-3
geo/r=16/m=4,33598,2.907390746624e-3
geo/r=16/m=4,34782,2.883304470304e-3
geo/r=16/m=4,36007,2.858612076087e-3
geo/r=16/m=4,37276,2.833274965909e-3
geo/r=16/m=4,38589,2.807316277561e-3
geo/r=16/m=4,39949,2.780701138378e-3
geo/r=16/m=4,41356,2.753455309672e-3
geo/r=16/m=4,42813,2.725547812917e-3
geo/r=16/m=4,44322,2.696969472350e-3
geo/r=16/m=4,45883,2.667750508058e-3
geo/r=16/m=4,47500,2.637848030101e-3
geo/r=16/m=4,49173,2.607295808014e-3
geo/r=16/m=4,50906,2.576056387284e-3
geo/r=16/m=4,52699,2.544167199889e-3
geo/r=16/m=4,54556,2.511596400717e-3
geo/r=16/m=4,56478,2.478367992082e-3
geo/r=16/m=4,58468,2.444473544000e-3
geo/r=16/m=4,60528,2.409924706627e-3
geo/r=16/m=4,62660,2.374735545484e-3
geo/r=16/m=4,64868,2.338890336248e-3
geo/r=16/m=4,67153,2.302425427049e-3
geo/r=16/m=4,69519,2.265331840243e-3
geo/r=16/m=4,71969,2.227620496467e-3
geo/r=16/m=4,74504,2.189335751201e-3
geo/r=16/m=4,77129,2.150464447786e-3
geo/r=16/m=4,79846,2.111042330688e-3
geo/r=16/m=4,82660,2.071065179566e-3
geo/r=16/m=4,85572,2.030589557180e-3
geo/r=16/m=4,88587,1.989619086256e-3
geo/r=16/m=4,91708,1.948189301445e-3
geo/r=16/m=4,94939,1.906326012670e-3
geo/r=16/m=4,98284,1.864059254362e-3
geo/r=16/m=4,101746,1.821435306696e-3
geo/r=16/m=4,105331,1.778467614893e-3
geo/r=16/m=4,109042,1.735210493291e-3
geo/r=16/m=4,112884,1.691698184447e-3
geo/r=16/m=4,116861,1.647980429116e-3
geo/r=16/m=4,120978,1.604099570068e-3
geo/r=16/m=4,125240,1.560102108517e-3
geo/r=16/m=4,129653,1.516028587764e-3
geo/r=16/m=4,134221,1.471943399862e-3
geo/r=16/m=4,138950,1.427894476641e-3
geo/r=16/m=4,143845,1.383942700457e-3
geo/r=16/m=4,148913,1.340134379409e-3
geo/r=16/m=4,154159,1.296536719443e-3
geo/r=16/m=4,159591,1.253194946706e-3
geo/r=16/m=4,165213,1.210189152421e-3
geo/r=16/m=4,171034,1.167562749097e-3
geo/r=16/m=4,177060,1.125384743936e-3
geo/r=16/m=4,183298,1.083718203799e-3
geo/r=16/m=4,189756,1.042621235421e-3
geo/r=16/m=4,196441,1.002159687237e-3
geo/r=16/m=4,203362,9.623881417444e-4
geo/r=16/m=4,210527,9.233681317355e-4
geo/r=16/m=4,217944,8.851609011966e-4
geo/r=16/m=4,225623,8.478172476525e-4
geo/r=16/m=4,233572,8.113973756847e-4
geo/r=16/m=4,241801,7.759506674526e-4
geo/r=16/m=4,250320,7.415254706876e-4
geo/r=16/m=4,259140,7.081646563052e-4
geo/r=16/m=4,268270,6.759163276285e-4
geo/r=16/m=4,277721,6.448179576665e-4
geo/r=16/m=4,287506,6.148981031243e-4
geo/r=16/m=4,297635,5.861915386564e-4
geo/r=16/m=4,308121,5.587202074967e-4
geo/r=16/m=4,318977,5.325027215954e-4
geo/r=16/m=4,330215,5.075558357728e-4
geo/r=16/m=4,341849,4.838871456465e-4
geo/r=16/m=4,353893,4.614999774824e-4
geo/r=16/m=4,366361,4.403929291213e-4
geo/r=16/m=4,379269,4.205565955351e-4
geo/r=16/m=4,392631,4.019800321282e-4
geo/r=16/m=4,406464,3.846431801952e-4
geo/r=16/m=4,420785,3.685219053071e-4
geo/r=16/m=4,435610,3.535887876885e-4
geo/r=16/m=4,450957,3.398100199341e-4
geo/r=16/m=4,466845,3.271472891200e-4
geo/r=16/m=4,483293,3.155589882651e-4
geo/r=16/m=4,500320,3.050003551641e-4
geo/r=16/m=4,517947,2.954227016960e-4
geo/r=16/m=4,536196,2.867748531937e-4
geo/r=16/m=4,555087,2.790048750629e-4
geo/r=16/m=4,574643,2.720581957387e-4
geo/r=16/m=4,594889,2.658790844422e-4
geo/r=16/m=4,615848,2.604123926002e-4
geo/r=16/m=4,637546,2.556024738306e-4
geo/r=16/m=4,660008,2.513947929419e-4
geo/r=16/m=4,683261,2.477356775607e-4
geo/r=16/m=4,707333,2.445730540180e-4
geo/r=16/m=4,732254,2.418567483723e-4
geo/r=16/m=4,758052,2.395392435096e-4
geo/r=16/m=4,784760,2.375752483910e-4
geo/r=16/m=4,812408,2.359226558136e-4
geo/r=16/m=4,841031,2.345421072704e-4
geo/r=16/m=4,870662,2.333975536486e-4
geo/r=16/m=4,901337,2.324560269229e-4
geo/r=16/m=4,933093,2.316877524098e-4
geo/r=16/m=4,965967,2.310660998888e-4
geo/r=16/m=4,1000000,2.305674069873e-4
geo/r=32/m=3,1,5.000000000000e-1
geo/r=32/m=3,2,2.578125000000e-1
geo/r=32/m=3,3,1.404991149902e-1
geo/r=32/m=3,4,8.366978360573e-2
geo/r=32/m=3,5,5.613652351616e-2
geo/r=32/m=3,6,4.279311768623e-2
geo/r=32/m=3,7,3.632271596742e-2
geo/r=32/m=3,8,3.318132743303e-2
geo/r=32/m=3,9,3.165238396425e-2
geo/r=32/m=3,10,3.090444829990e-2
geo/r=32/m=3,11,3.053480532876e-2
geo/r=32/m=3,12,3.034839588148e-2
geo/r=32/m=3,13,3.025074106006e-2
geo/r=32/m=3,14,3.019607904578e-2
geo/r=32/m=3,15,3.016224463370e-2
geo/r=32/m=3,16,3.013850187919e-2
geo/r=32/m=3,17,3.011965071632e-2
geo/r=32/m=3,18,3.010317243842e-2
geo/r=32/m=3,19,3.008784708247e-2
geo/r=32/m=3,20,3.007308374523e-2
geo/r=32/m=3,21,3.005859621491e-2
geo/r=32/m=3,22,3.004424586018e-2
geo/r=32/m=3,23,3.002996553179e-2
geo/r=32/m=3,24,3.001572270354e-2
geo/r=32/m=3,25,3.000150161931e-2
geo/r=32/m=3,26,2.998729464571e-2
geo/r=32/m=3,27,2.997309808366e-2
geo/r=32/m=3,28,2.995891013975e-2
geo/r=32/m=3,29,2.994472994356e-2
geo/r=32/m=3,30,2.993055707176e-2
geo/r=32/m=3,31,2.991639131754e-2
geo/r=32/m=3,32,2.990223257901e-2
geo/r=32/m=3,33,2.988808080505e-2
geo/r=32/m=3,34,2.987393596918e-2
geo/r=32/m=3,35,2.985979805681e-2
geo/r=32/m=3,37,2.983154297018e-2
geo/r=32/m=3,38,2.981742578528e-2
geo/r=32/m=3,39,2.980331550043e-2
geo/r=32/m=3,41,2.977511561641e-2
geo/r=32/m=3,42,2.976102601028e-2
geo/r=32/m=3,44,2.973286745276e-2
geo/r=32/m=3,45,2.971879849462e-2
geo/r=32/m=3,47,2.969068120272e-2
geo/r=32/m=3,48,2.967663286225e-2
geo/r=32/m=3,50,2.964855677547e-2
geo/r=32/m=3,52,2.962050812522e-2
geo/r=32/m=3,54,2.959248688467e-2
geo/r=32/m=3,56,2.956449302706e-2
geo/r=32/m=3,57,2.955050635848e-2
geo/r=32/m=3,59,2.952255352509e-2
geo/r=32/m=3,62,2.948067548431e-2
geo/r=32/m=3,64,2.945279089106e-2
geo/r=32/m=3,66,2.942493354722e-2
geo/r=32/m=3,68,2.939710342613e-2
geo/r=32/m=3,71,2.935540922899e-2
geo/r=32/m=3,73,2.932764704849e-2
geo/r=32/m=3,76,2.928605463775e-2
geo/r=32/m=3,78,2.925836023196e-2
geo/r=32/m=3,81,2.921686935914e-2
geo/r=32/m=3,84,2.917543929005e-2
geo/r=32/m=3,87,2.913406993557e-2
geo/r=32/m=3,90,2.909276120674e-2
geo/r=32/m=3,93,2.905151301472e-2
geo/r=32/m=3,97,2.899660944038e-2
geo/r=32/m=3,100,2.895550215611e-2
geo/r=32/m=3,104,2.890078613762e-2
geo/r=32/m=3,107,2.885981927974e-2
geo/r=32/m=3,111,2.880529017639e-2
geo/r=32/m=3,115,2.875086759486e-2
geo/r=32/m=3,119,2.869655132706e-2
geo/r=32/m=3,123,2.864234116532e-2
geo/r=32/m=3,127,2.858823690235e-2
geo/r=32/m=3,132,2.852075517868e-2
geo/r=32/m=3,137,2.845343819549e-2
geo/r=32/m=3,141,2.839970295178e-2
geo/r=32/m=3,146,2.833268148861e-2
geo/r=32/m=3,152,2.825247167190e-2
geo/r=32/m=3,157,2.818580963866e-2
geo/r=32/m=3,162,2.811931034481e-2
geo/r=32/m=3,168,2.803972544889e-2
geo/r=32/m=3,174,2.796037364097e-2
geo/r=32/m=3,180,2.788125423839e-2
geo/r=32/m=3,186,2.780236656050e-2
geo/r=32/m=3,193,2.771062290521e-2
geo/r=32/m=3,200,2.761919265500e-2
geo/r=32/m=3,207,2.752807473923e-2
geo/r=32/m=3,214,2.743726809094e-2
geo/r=32/m=3,222,2.733386884433e-2
geo/r=32/m=3,230,2.723087318104e-2
geo/r=32/m=3,238,2.712827952582e-2
geo/r=32/m=3,246,2.702608630957e-2
geo/r=32/m=3,255,2.691159564516e-2
geo/r=32/m=3,264,2.679760759217e-2
geo/r=32/m=3,273,2.668411994415e-2
geo/r=32/m=3,283,2.655860678063e-2
geo/r=32/m=3,293,2.643370568977e-2
geo/r=32/m=3,303,2.630941368674e-2
geo/r=32/m=3,314,2.617339243532e-2
geo/r=32/m=3,325,2.603810065331e-2
geo/r=32/m=3,336,2.590353442864e-2
geo/r=32/m=3,348,2.575755783427e-2
geo/r=32/m=3,360,2.561243505938e-2
geo/r=32/m=3,373,2.545617644006e-2
geo/r=32/m=3,386,2.530090770148e-2
geo/r=32/m=3,399,2.514662257287e-2
geo/r=32/m=3,414,2.496981537004e-2
geo/r=32/m=3,428,2.480596093907e-2
geo/r=32/m=3,443,2.463164258190e-2
geo/r=32/m=3,459,2.444710651375e-2
geo/r=32/m=3,475,2.426400818015e-2
geo/r=32/m=3,492,2.407102900324e-2
geo/r=32/m=3,509,2.387964692161e-2
geo/r=32/m=3,527,2.367873316167e-2
geo/r=32/m=3,546,2.346856675221e-2
geo/r=32/m=3,565,2.326034335870e-2
geo/r=32/m=3,585,2.304324019778e-2
geo/r=32/m=3,605,2.282824930777e-2
geo/r=32/m=3,627,2.259417448000e-2
geo/r=32/m=3,649,2.236260356347e-2
geo/r=32/m=3,672,2.212315484658e-2
geo/r=32/m=3,695,2.188638329956e-2
geo/r=32/m=3,720,2.163202448476e-2
geo/r=32/m=3,745,2.138075532852e-2
geo/r=32/m=3,771,2.112267257851e-2
geo/r=32/m=3,798,2.085811296035e-2
geo/r=32/m=3,827,2.057781899443e-2
geo/r=32/m=3,856,2.030147061674e-2
geo/r=32/m=3,886,2.001968588988e-2
geo/r=32/m=3,917,1.973281738687e-2
geo/r=32/m=3,949,1.944121986166e-2
geo/r=32/m=3,983,1.913635505238e-2
geo/r=32/m=3,1017,1.883651548332e-2
geo/r=32/m=3,1053,1.852442359686e-2
geo/r=32/m=3,1090,1.820933484142e-2
geo/r=32/m=3,1129,1.788332637720e-2
geo/r=32/m=3,1169,1.755535301203e-2
geo/r=32/m=3,1210,1.722577027101e-2
geo/r=32/m=3,1252,1.689492904685e-2
geo/r=32/m=3,1297,1.654791366367e-2
geo/r=32/m=3,1342,1.620844864534e-2
geo/r=32/m=3,1389,1.586177952205e-2
geo/r=32/m=3,1438,1.550873977699e-2
geo/r=32/m=3,1489,1.515016202587e-2
geo/r=32/m=3,1542,1.478687482226e-2
geo/r=32/m=3,1596,1.442628773926e-2
geo/r=32/m=3,1652,1.406226489473e-2
geo/r=32/m=3,1710,1.369560092362e-2
geo/r=32/m=3,1771,1.332102530278e-2
geo/r=32/m=3,1833,1.295158423518e-2
geo/r=32/m=3,1898,1.257610393830e-2
geo/r=32/m=3,1964,1.220686086561e-2
geo/r=32/m=3,2034,1.182804155407e-2
geo/r=32/m=3,2105,1.145682651287e-2
geo/r=32/m=3,2179,1.108339690870e-2
geo/r=32/m=3,2256,1.070890647991e-2
geo/r=32/m=3,2336,1.033447175213e-2
geo/r=32/m=3,2418,9.965575088542e-3
geo/r=32/m=3,2503,9.598474952560e-3
geo/r=32/m=3,2591,9.234152278456e-3
geo/r=32/m=3,2683,8.869661060485e-3
geo/r=32/m=3,2777,8.513796787050e-3
geo/r=32/m=3,2875,8.159795610537e-3
geo/r=32/m=3,2976,7.812276820060e-3
geo/r=32/m=3,3081,7.468732777435e-3
geo/r=32/m=3,3190,7.130273248359e-3
geo/r=32/m=3,3302,6.800783811908e-3
geo/r=32/m=3,3418,6.478021588784e-3
geo/r=32/m=3,3539,6.160292391368e-3
geo/r=32/m=3,3664,5.851211201326e-3
geo/r=32/m=3,3793,5.551437175138e-3
geo/r=32/m=3,3926,5.261536931791e-3
geo/r=32/m=3,4065,4.978041940345e-3
geo/r=32/m=3,4208,4.705811567800e-3
geo/r=32/m=3,4356,4.443402856116e-3
geo/r=32/m=3,4510,4.189780742659e-3
geo/r=32/m=3,4668,3.948673983725e-3
geo/r=32/m=3,4833,3.715994093780e-3
geo/r=32/m=3,5003,3.495107136090e-3
geo/r=32/m=3,5179,3.284964524057e-3
geo/r=32/m=3,5362,3.084814906483e-3
geo/r=32/m=3,5551,2.896065105829e-3
geo/r=32/m=3,5746,2.718765889556e-3
geo/r=32/m=3,5949,2.551297276710e-3
geo/r=32/m=3,6158,2.395392420834e-3
geo/r=32/m=3,6375,2.249522087188e-3
geo/r=32/m=3,6600,2.113757730954e-3
geo/r=32/m=3,6833,1.988051359906e-3
geo/r=32/m=3,7073,1.872701539766e-3
geo/r=32/m=3,7323,1.766102748017e-3
geo/r=32/m=3,7581,1.668934534449e-3
geo/r=32/m=3,7848,1.580482814533e-3
geo/r=32/m=3,8124,1.500410096451e-3
geo/r=32/m=3,8410,1.428081795009e-3
geo/r=32/m=3,8707,1.362943009444e-3
geo/r=32/m=3,9013,1.305024376576e-3
geo/r=32/m=3,9331,1.253344987052e-3
geo/r=32/m=3,9660,1.207695444891e-3
geo/r=32/m=3,10000,1.167633187687e-3
geo/r=32/m=3,10352,1.132608222424e-3
geo/r=32/m=3,10717,1.102125268129e-3
geo/r=32/m=3,11095,1.075796736882e-3
geo/r=32/m=3,11486,1.053227143576e-3
geo/r=32/m=3,11890,1.034023573013e-3
geo/r=32/m=3,12309,1.017734187201e-3
geo/r=32/m=3,12743,1.004035219000e-3
geo/r=32/m=3,13192,9.926125054712e-4
geo/r=32/m=3,13656,9.831679153413e-4
geo/r=32/m=3,14138,9.753809949098e-4
geo/r=32/m=3,14636,9.690483286422e-4
geo/r=32/m=3,15151,9.639349650319e-4
geo/r=32/m=3,15685,9.598312885638e-4
geo/r=32/m=3,16238,9.565724809328e-4
geo/r=32/m=3,16810,9.540115333776e-4
geo/r=32/m=3,17402,9.520168879434e-4
geo/r=32/m=3,18015,9.504780236854e-4
geo/r=32/m=3,18650,9.493027090846e-4
geo/r=32/m=3,19307,9.484157168627e-4
geo/r=32/m=3,19987,9.477533927432e-4
geo/r=32/m=3,20691,9.472643317773e-4
geo/r=32/m=3,21420,9.469074237344e-4
geo/r=32/m=3,22175,9.466501399938e-4
geo/r=32/m=3,22956,9.464672293840e-4
geo/r=32/m=3,23765,9.463387165846e-4
geo/r=32/m=3,24602,9.462497564315e-4
geo/r=32/m=3,25469,9.461889672645e-4
geo/r=32/m=3,26367,9.461480449084e-4
geo/r=32/m=3,27295,9.461209657969e-4
geo/r=32/m=3,28257,9.461032683467e-4
geo/r=32/m=3,29253,9.460919068461e-4
geo/r=32/m=3,30283,9.460847413570e-4
geo/r=32/m=3,31350,9.460802919116e-4
geo/r=32/m=3,32455,9.460775798700e-4
geo/r=32/m=3,33598,9.460759591139e-4
geo/r=32/m=3,34782,9.460750075953e-4
geo/r=32/m=3,36007,9.460744606982e-4
geo/r=32/m=3,37276,9.460741524085e-4
geo/r=32/m=3,38589,9.460739825195e-4
geo/r=32/m=3,39949,9.460738908481e-4
geo/r=32/m=3,41356,9.460738425618e-4
geo/r=32/m=3,42813,9.460738176970e-4
geo/r=32/m=3,44322,9.460738052052e-4
geo/r=32/m=3,45883,9.460737990938e-4
geo/r=32/m=3,47500,9.460737961774e-4
geo/r=32/m=3,49173,9.460737948247e-4
geo/r=32/m=3,50906,9.460737942140e-4
geo/r=32/m=3,52699,9.460737939466e-4
geo/r=32/m=3,54556,9.460737938328e-4
geo/r=32/m=3,56478,9.460737937860e-4
geo/r=32/m=3,58468,9.460737937673e-4
geo/r=32/m=3,60528,9.460737937601e-4
geo/r=32/m=3,62660,9.460737937574e-4
geo/r=32/m=3,64868,9.460737937564e-4
geo/r=32/m=3,67153,9.460737937560e-4
geo/r=32/m=3,69519,9.460737937560e-4
geo/r=32/m=3,71969,9.460737937560e-4
geo/r=32/m=3,74504,9.460737937560e-4
geo/r=32/m=3,77129,9.460737937560e-4
geo/r=32/m=3,79846,9.460737937560e-4
geo/r=32/m=3,82660,9.460737937560e-4
geo/r=32/m=3,85572,9.460737937560e-4
geo/r=32/m=3,88587,9.460737937560e-4
geo/r=32/m=3,91708,9.460737937560e-4
geo/r=32/m=3,94939,9.460737937560e-4
geo/r=32/m=3,98284,9.460737937560e-4
geo/r=32/m=3,101746,9.460737937560e-4
geo/r=32/m=3,105331,9.460737937560e-4
geo/r=32/m=3,109042,9.460737937560e-4
geo/r=32/m=3,112884,9.460737937560e-4
geo/r=32/m=3,116861,9.460737937560e-4
geo/r=32/m=3,120978,9.460737937560e-4
geo/r=32/m=3,125240,9.460737937560e-4
geo/r=32/m=3,129653,9.460737937560e-4
geo/r=32/m=3,134221,9.460737937560e-4
geo/r=32/m=3,138950,9.460737937560e-4
geo/r=32/m=3,143845,9.460737937560e-4
geo/r=32/m=3,148913,9.460737937560e-4
geo/r=32/m=3,154159,9.460737937560e-4
geo/r=32/m=3,159591,9.460737937560e-4
geo/r=32/m=3,165213,9.460737937560e-4
geo/r=32/m=3,171034,9.460737937560e-4
geo/r=32/m=3,177060,9.460737937560e-4
geo/r=32/m=3,183298,9.460737937560e-4
geo/r=32/m=3,189756,9.460737937560e-4
geo/r=32/m=3,196441,9.460737937560e-4
geo/r=32/m=3,203362,9.460737937560e-4
geo/r=32/m=3,210527,9.460737937560e-4
geo/r=32/m=3,217944,9.460737937560e-4
geo/r=32/m=3,225623,9.460737937560e-4
geo/r=32/m=3,233572,9.460737937560e-4
geo/r=32/m=3,241801,9.460737937560e-4
geo/r=32/m=3,250320,9.460737937560e-4
geo/r=32/m=3,259140,9.460737937560e-4
geo/r=32/m=3,268270,9.460737937560e-4
geo/r=32/m=3,277721,9.460737937560e-4
geo/r=32/m=3,287506,9.460737937560e-4
geo/r=32/m=3,297635,9.460737937560e-4
geo/r=32/m=3,308121,9.460737937560e-4
geo/r=32/m=3,318977,9.460737937560e-4
geo/r=32/m=3,330215,9.460737937560e-4
geo/r=32/m=3,341849,9.460737937560e-4
geo/r=32/m=3,353893,9.460737937560e-4
geo/r=32/m=3,366361,9.460737937560e-4
geo/r=32/m=3,379269,9.460737937560e-4
geo/r=32/m=3,392631,9.460737937560e-4
geo/r=32/m=3,406464,9.460737937560e-4
geo/r=32/m=3,420785,9.460737937560e-4
geo/r=32/m=3,435610,9.460737937560e-4
geo/r=32/m=3,450957,9.460737937560e-4
geo/r=32/m=3,466845,9.460737937560e-4
geo/r=32/m=3,483293,9.460737937560e-4
geo/r=32/m=3,500320,9.460737937560e-4
geo/r=32/m=3,517947,9.460737937560e-4
geo/r=32/m=3,536196,9.460737937560e-4
geo/r=32/m=3,555087,9.460737937560e-4
geo/r=32/m=3,574643,9.460737937560e-4
geo/r=32/m=3,594889,9.460737937560e-4
geo/r=32/m=3,615848,9.460737937560e-4
geo/r=32/m=3,637546,9.460737937560e-4
geo/r=32/m=3,660008,9.460737937560e-4
geo/r=32/m=3,683261,9.460737937560e-4
geo/r=32/m=3,707333,9.460737937560e-4
geo/r=32/m=3,732254,9.460737937560e-4
geo/r=32/m=3,758052,9.460737937560e-4
geo/r=32/m=3,784760,9.460737937560e-4
geo/r=32/m=3,812408,9.460737937560e-4
geo/r=32/m=3,841031,9.460737937560e-4
geo/r=32/m=3,870662,9.460737937560e-4
geo/r=32/m=3,901337,9.460737937560e-4
geo/r=32/m=3,933093,9.460737937560e-4
geo/r=32/m=3,965967,9.460737937560e-4
geo/r=32/m=3,1000000,9.460737937560e-4
