arm_short,arm_name,eta,ewc_lambda,round,domain,pre_revisit_acc,pre_revisit_loss,acc_few5,acc_few10,acc_few20,acc_few50,acc_few200,post_train_acc,post_train_loss,retention_gap
ladder_8,"Ladder-8 (m=8)",2.0000,0.0000,1,0,0.1400,6.2383,0.1400,0.1400,0.1400,0.1400,0.1400,0.1000,4.9324,-0.0400
ladder_8,"Ladder-8 (m=8)",2.0000,0.0000,1,1,0.0400,6.0891,0.0400,0.0400,0.0400,0.0400,0.0400,0.1200,4.9081,0.0800
ladder_8,"Ladder-8 (m=8)",2.0000,0.0000,1,2,0.0700,6.0166,0.0700,0.0700,0.0700,0.0700,0.0700,0.1100,4.8746,0.0400
ladder_8,"Ladder-8 (m=8)",2.0000,0.0000,1,3,0.0400,6.0246,0.0400,0.0400,0.0400,0.0400,0.0400,0.1600,4.7074,0.1200
ladder_8,"Ladder-8 (m=8)",2.0000,0.0000,2,0,0.1700,5.1020,0.1700,0.1700,0.1700,0.1700,0.1700,0.1100,4.8419,-0.0600
ladder_8,"Ladder-8 (m=8)",2.0000,0.0000,2,1,0.1300,5.1410,0.1300,0.1300,0.1300,0.1300,0.1300,0.1400,4.8694,0.0100
ladder_8,"Ladder-8 (m=8)",2.0000,0.0000,2,2,0.0700,5.0951,0.0700,0.0700,0.0700,0.0700,0.0700,0.1300,4.7151,0.0600
ladder_8,"Ladder-8 (m=8)",2.0000,0.0000,2,3,0.1000,4.7922,0.1000,0.1000,0.1000,0.1000,0.1000,0.1500,4.6138,0.0500
ladder_8,"Ladder-8 (m=8)",2.0000,0.0000,3,0,0.1600,4.9387,0.1600,0.1600,0.1600,0.1600,0.1600,0.1400,4.7571,-0.0200
ladder_8,"Ladder-8 (m=8)",2.0000,0.0000,3,1,0.1200,4.9219,0.1200,0.1200,0.1200,0.1200,0.1200,0.1600,4.7552,0.0400
ladder_8,"Ladder-8 (m=8)",2.0000,0.0000,3,2,0.0700,4.9372,0.0700,0.0700,0.0700,0.0700,0.0700,0.1400,4.6579,0.0700
ladder_8,"Ladder-8 (m=8)",2.0000,0.0000,3,3,0.1300,4.6388,0.1300,0.1300,0.1300,0.1300,0.1300,0.1000,4.5168,-0.0300
ladder_8,"Ladder-8 (m=8)",2.0000,0.0000,4,0,0.1200,4.7708,0.1200,0.1200,0.1200,0.1200,0.1200,0.1500,4.7323,0.0300
ladder_8,"Ladder-8 (m=8)",2.0000,0.0000,4,1,0.1200,4.8699,0.1200,0.1200,0.1200,0.1200,0.1200,0.1400,4.6790,0.0200
ladder_8,"Ladder-8 (m=8)",2.0000,0.0000,4,2,0.1000,4.8453,0.1000,0.1000,0.1000,0.1000,0.1000,0.1200,4.6232,0.0200
ladder_8,"Ladder-8 (m=8)",2.0000,0.0000,4,3,0.1400,4.5350,0.1400,0.1400,0.1400,0.1400,0.1400,0.1100,4.5347,-0.0300
ladder_8,"Ladder-8 (m=8)",2.0000,0.0000,5,0,0.1100,4.7327,0.1100,0.1300,0.1100,0.1300,0.1900,0.1300,4.7181,0.0200
ladder_8,"Ladder-8 (m=8)",2.0000,0.0000,5,1,0.1200,4.7734,0.1300,0.1200,0.1400,0.1500,0.1900,0.1400,4.6459,0.0200
ladder_8,"Ladder-8 (m=8)",2.0000,0.0000,5,2,0.1100,4.8210,0.1100,0.1200,0.1200,0.1300,0.1600,0.1100,4.6125,0.0000
ladder_8,"Ladder-8 (m=8)",2.0000,0.0000,5,3,0.1500,4.5392,0.1300,0.1600,0.1300,0.1500,0.1500,0.0900,4.5725,-0.0600
ladder_4,"Ladder-4 (m=4)",2.0000,0.0000,1,0,0.1400,6.2383,0.1400,0.1400,0.1400,0.1400,0.1400,0.1000,4.9287,-0.0400
ladder_4,"Ladder-4 (m=4)",2.0000,0.0000,1,1,0.0400,6.0891,0.0400,0.0400,0.0400,0.0400,0.0400,0.1200,4.8977,0.0800
ladder_4,"Ladder-4 (m=4)",2.0000,0.0000,1,2,0.0700,6.0172,0.0700,0.0700,0.0700,0.0700,0.0700,0.1100,4.8739,0.0400
ladder_4,"Ladder-4 (m=4)",2.0000,0.0000,1,3,0.0400,6.0253,0.0400,0.0400,0.0400,0.0400,0.0400,0.1600,4.6983,0.1200
ladder_4,"Ladder-4 (m=4)",2.0000,0.0000,2,0,0.1700,5.0964,0.1700,0.1700,0.1700,0.1700,0.1700,0.1000,4.8360,-0.0700
ladder_4,"Ladder-4 (m=4)",2.0000,0.0000,2,1,0.1300,5.1277,0.1300,0.1300,0.1300,0.1300,0.1300,0.1400,4.8642,0.0100
ladder_4,"Ladder-4 (m=4)",2.0000,0.0000,2,2,0.0700,5.0877,0.0700,0.0700,0.0700,0.0700,0.0700,0.1400,4.7048,0.0700
ladder_4,"Ladder-4 (m=4)",2.0000,0.0000,2,3,0.1000,4.7930,0.1000,0.1000,0.1000,0.1000,0.1000,0.1400,4.6068,0.0400
ladder_4,"Ladder-4 (m=4)",2.0000,0.0000,3,0,0.1600,4.9354,0.1600,0.1600,0.1600,0.1600,0.1600,0.1300,4.7508,-0.0300
ladder_4,"Ladder-4 (m=4)",2.0000,0.0000,3,1,0.1200,4.9062,0.1200,0.1200,0.1200,0.1200,0.1200,0.1700,4.7502,0.0500
ladder_4,"Ladder-4 (m=4)",2.0000,0.0000,3,2,0.0700,4.9167,0.0700,0.0700,0.0700,0.0700,0.0700,0.1400,4.6447,0.0700
ladder_4,"Ladder-4 (m=4)",2.0000,0.0000,3,3,0.1200,4.6282,0.1200,0.1200,0.1200,0.1200,0.1200,0.1000,4.5025,-0.0200
ladder_4,"Ladder-4 (m=4)",2.0000,0.0000,4,0,0.1200,4.7600,0.1200,0.1200,0.1200,0.1200,0.1200,0.1500,4.7279,0.0300
ladder_4,"Ladder-4 (m=4)",2.0000,0.0000,4,1,0.1200,4.8578,0.1200,0.1200,0.1200,0.1200,0.1200,0.1400,4.6698,0.0200
ladder_4,"Ladder-4 (m=4)",2.0000,0.0000,4,2,0.1000,4.8183,0.1000,0.1000,0.1000,0.1000,0.1000,0.1200,4.6094,0.0200
ladder_4,"Ladder-4 (m=4)",2.0000,0.0000,4,3,0.1200,4.5212,0.1200,0.1200,0.1200,0.1200,0.1200,0.1100,4.5154,-0.0100
ladder_4,"Ladder-4 (m=4)",2.0000,0.0000,5,0,0.1100,4.7168,0.1100,0.1300,0.1100,0.1300,0.1800,0.1300,4.7165,0.0200
ladder_4,"Ladder-4 (m=4)",2.0000,0.0000,5,1,0.1200,4.7550,0.1300,0.1200,0.1400,0.1500,0.1900,0.1300,4.6295,0.0100
ladder_4,"Ladder-4 (m=4)",2.0000,0.0000,5,2,0.1000,4.7957,0.1100,0.1100,0.1200,0.1300,0.1700,0.1000,4.5959,0.0000
ladder_4,"Ladder-4 (m=4)",2.0000,0.0000,5,3,0.1500,4.5255,0.1400,0.1600,0.1400,0.1500,0.1300,0.0900,4.5535,-0.0600
ladder_2,"Ladder-2 (m=2)",2.0000,0.0000,1,0,0.1400,6.2383,0.1400,0.1400,0.1400,0.1400,0.1400,0.1000,4.6255,-0.0400
ladder_2,"Ladder-2 (m=2)",2.0000,0.0000,1,1,0.0400,6.0713,0.0400,0.0400,0.0400,0.0400,0.0400,0.1200,4.5869,0.0800
ladder_2,"Ladder-2 (m=2)",2.0000,0.0000,1,2,0.0500,6.0316,0.0500,0.0500,0.0500,0.0500,0.0500,0.1200,4.7933,0.0700
ladder_2,"Ladder-2 (m=2)",2.0000,0.0000,1,3,0.0400,6.0268,0.0400,0.0400,0.0400,0.0400,0.0400,0.1400,4.4850,0.1000
ladder_2,"Ladder-2 (m=2)",2.0000,0.0000,2,0,0.1100,4.7837,0.1100,0.1100,0.1100,0.1100,0.1100,0.0800,4.7316,-0.0300
ladder_2,"Ladder-2 (m=2)",2.0000,0.0000,2,1,0.1500,4.7772,0.1500,0.1500,0.1500,0.1500,0.1500,0.1500,4.6548,0.0000
ladder_2,"Ladder-2 (m=2)",2.0000,0.0000,2,2,0.0800,5.0252,0.0800,0.0800,0.0800,0.0800,0.0800,0.1300,4.5693,0.0500
ladder_2,"Ladder-2 (m=2)",2.0000,0.0000,2,3,0.1100,4.5446,0.1100,0.1100,0.1100,0.1100,0.1100,0.1000,4.5463,-0.0100
ladder_2,"Ladder-2 (m=2)",2.0000,0.0000,3,0,0.1200,4.7172,0.1200,0.1200,0.1200,0.1200,0.1200,0.0800,4.7774,-0.0400
ladder_2,"Ladder-2 (m=2)",2.0000,0.0000,3,1,0.1400,4.5907,0.1400,0.1400,0.1400,0.1400,0.1400,0.1300,4.5766,-0.0100
ladder_2,"Ladder-2 (m=2)",2.0000,0.0000,3,2,0.0900,4.7660,0.0900,0.0900,0.0900,0.0900,0.0900,0.0800,4.4890,-0.0100
ladder_2,"Ladder-2 (m=2)",2.0000,0.0000,3,3,0.1300,4.6314,0.1300,0.1300,0.1300,0.1300,0.1300,0.1100,4.5905,-0.0200
ladder_2,"Ladder-2 (m=2)",2.0000,0.0000,4,0,0.1200,4.7203,0.1200,0.1200,0.1200,0.1200,0.1200,0.1200,4.9016,0.0000
ladder_2,"Ladder-2 (m=2)",2.0000,0.0000,4,1,0.1000,4.6430,0.1000,0.1000,0.1000,0.1000,0.1000,0.1100,4.4824,0.0100
ladder_2,"Ladder-2 (m=2)",2.0000,0.0000,4,2,0.1400,4.6428,0.1400,0.1400,0.1400,0.1400,0.1400,0.1300,4.5249,-0.0100
ladder_2,"Ladder-2 (m=2)",2.0000,0.0000,4,3,0.1400,4.7951,0.1400,0.1400,0.1400,0.1400,0.1400,0.0900,4.7489,-0.0500
ladder_2,"Ladder-2 (m=2)",2.0000,0.0000,5,0,0.1300,4.8792,0.1300,0.1300,0.1300,0.1300,0.1600,0.1100,5.0386,-0.0200
ladder_2,"Ladder-2 (m=2)",2.0000,0.0000,5,1,0.0800,4.5684,0.0800,0.1100,0.1100,0.1300,0.1700,0.0900,4.4991,0.0100
ladder_2,"Ladder-2 (m=2)",2.0000,0.0000,5,2,0.1100,4.6747,0.1200,0.1200,0.1200,0.1300,0.1400,0.1000,4.5886,-0.0100
ladder_2,"Ladder-2 (m=2)",2.0000,0.0000,5,3,0.1100,4.9790,0.1100,0.1100,0.1000,0.0900,0.1400,0.0800,4.9206,-0.0300
plain_m1,"Plain (m=1)",2.0000,0.0000,1,0,0.1400,6.2383,0.1400,0.1400,0.1400,0.1400,0.1400,0.0800,4.5476,-0.0600
plain_m1,"Plain (m=1)",2.0000,0.0000,1,1,0.0500,6.0098,0.0500,0.0500,0.0500,0.0500,0.0500,0.1000,4.6083,0.0500
plain_m1,"Plain (m=1)",2.0000,0.0000,1,2,0.0400,5.9616,0.0400,0.0400,0.0400,0.0400,0.0400,0.1300,4.8106,0.0900
plain_m1,"Plain (m=1)",2.0000,0.0000,1,3,0.0200,5.9503,0.0200,0.0200,0.0200,0.0200,0.0200,0.1500,4.4547,0.1300
plain_m1,"Plain (m=1)",2.0000,0.0000,2,0,0.0600,4.9426,0.0600,0.0600,0.0600,0.0600,0.0600,0.0900,5.0662,0.0300
plain_m1,"Plain (m=1)",2.0000,0.0000,2,1,0.0700,4.7195,0.0700,0.0700,0.0700,0.0700,0.0700,0.1200,4.8396,0.0500
plain_m1,"Plain (m=1)",2.0000,0.0000,2,2,0.0700,5.3920,0.0700,0.0700,0.0700,0.0700,0.0700,0.1300,4.6780,0.0600
plain_m1,"Plain (m=1)",2.0000,0.0000,2,3,0.1100,4.6154,0.1100,0.1100,0.1100,0.1100,0.1100,0.0800,4.9385,-0.0300
plain_m1,"Plain (m=1)",2.0000,0.0000,3,0,0.1000,4.9368,0.1000,0.1000,0.1000,0.1000,0.1000,0.0800,5.3397,-0.0200
plain_m1,"Plain (m=1)",2.0000,0.0000,3,1,0.1100,4.6844,0.1100,0.1100,0.1100,0.1100,0.1100,0.0900,4.8129,-0.0200
plain_m1,"Plain (m=1)",2.0000,0.0000,3,2,0.0700,4.9548,0.0700,0.0700,0.0700,0.0700,0.0700,0.1100,4.8348,0.0400
plain_m1,"Plain (m=1)",2.0000,0.0000,3,3,0.0900,5.1171,0.0900,0.0900,0.0900,0.0900,0.0900,0.1100,5.3259,0.0200
plain_m1,"Plain (m=1)",2.0000,0.0000,4,0,0.1000,5.2029,0.1000,0.1000,0.1000,0.1000,0.1000,0.0900,5.5465,-0.0100
plain_m1,"Plain (m=1)",2.0000,0.0000,4,1,0.0900,4.9225,0.0900,0.0900,0.0900,0.0900,0.0900,0.0900,4.7096,0.0000
plain_m1,"Plain (m=1)",2.0000,0.0000,4,2,0.0900,4.9803,0.0900,0.0900,0.0900,0.0900,0.0900,0.1300,5.1642,0.0400
plain_m1,"Plain (m=1)",2.0000,0.0000,4,3,0.1200,5.4252,0.1200,0.1200,0.1200,0.1200,0.1200,0.1100,5.6303,-0.0100
plain_m1,"Plain (m=1)",2.0000,0.0000,5,0,0.1200,5.5702,0.1200,0.1200,0.1200,0.1500,0.1600,0.0700,5.9441,-0.0500
plain_m1,"Plain (m=1)",2.0000,0.0000,5,1,0.0800,4.9279,0.0800,0.0800,0.0800,0.1200,0.1900,0.0800,4.8123,0.0000
plain_m1,"Plain (m=1)",2.0000,0.0000,5,2,0.0900,5.2023,0.0900,0.0900,0.0800,0.1100,0.1500,0.1100,5.3257,0.0200
plain_m1,"Plain (m=1)",2.0000,0.0000,5,3,0.1300,5.6663,0.1300,0.1200,0.1100,0.1100,0.1400,0.0800,5.9506,-0.0500
linear,"Linear (no SDR)",2.0000,0.0000,1,0,0.1400,6.2383,0.1400,0.1400,0.1400,0.1400,0.1400,0.0900,4.5525,-0.0500
linear,"Linear (no SDR)",2.0000,0.0000,1,1,0.0800,6.7133,0.0800,0.0800,0.0800,0.0800,0.0800,0.1700,4.6039,0.0900
linear,"Linear (no SDR)",2.0000,0.0000,1,2,0.1200,7.3259,0.1200,0.1200,0.1200,0.1200,0.1200,0.1100,4.6228,-0.0100
linear,"Linear (no SDR)",2.0000,0.0000,1,3,0.1500,9.1116,0.1500,0.1500,0.1500,0.1500,0.1500,0.1300,4.9841,-0.0200
linear,"Linear (no SDR)",2.0000,0.0000,2,0,0.0700,5.5541,0.0700,0.0700,0.0700,0.0700,0.0700,0.1300,4.3915,0.0600
linear,"Linear (no SDR)",2.0000,0.0000,2,1,0.1100,4.8567,0.1100,0.1100,0.1100,0.1100,0.1100,0.2100,4.6623,0.1000
linear,"Linear (no SDR)",2.0000,0.0000,2,2,0.0700,5.4333,0.0700,0.0700,0.0700,0.0700,0.0700,0.1300,4.4457,0.0600
linear,"Linear (no SDR)",2.0000,0.0000,2,3,0.1700,5.8388,0.1700,0.1700,0.1700,0.1700,0.1700,0.1700,5.1886,0.0000
linear,"Linear (no SDR)",2.0000,0.0000,3,0,0.0700,5.5625,0.0700,0.0700,0.0700,0.0700,0.0700,0.1400,4.2944,0.0700
linear,"Linear (no SDR)",2.0000,0.0000,3,1,0.1100,4.9695,0.1100,0.1100,0.1100,0.1100,0.1100,0.1900,4.7325,0.0800
linear,"Linear (no SDR)",2.0000,0.0000,3,2,0.0700,5.5971,0.0700,0.0700,0.0700,0.0700,0.0700,0.1500,4.3502,0.0800
linear,"Linear (no SDR)",2.0000,0.0000,3,3,0.1600,6.0697,0.1600,0.1600,0.1600,0.1600,0.1600,0.2100,5.3286,0.0500
linear,"Linear (no SDR)",2.0000,0.0000,4,0,0.1200,5.3567,0.1200,0.1200,0.1200,0.1200,0.1200,0.1900,4.2257,0.0700
linear,"Linear (no SDR)",2.0000,0.0000,4,1,0.1000,5.2012,0.1000,0.1000,0.1000,0.1000,0.1000,0.1700,4.8109,0.0700
linear,"Linear (no SDR)",2.0000,0.0000,4,2,0.0700,5.7183,0.0700,0.0700,0.0700,0.0700,0.0700,0.1600,4.3023,0.0900
linear,"Linear (no SDR)",2.0000,0.0000,4,3,0.1800,6.0640,0.1800,0.1800,0.1800,0.1800,0.1800,0.2100,5.4678,0.0300
linear,"Linear (no SDR)",2.0000,0.0000,5,0,0.1300,5.2049,0.1400,0.1300,0.1500,0.1700,0.3300,0.2200,4.1805,0.0900
linear,"Linear (no SDR)",2.0000,0.0000,5,1,0.1000,5.4808,0.1000,0.1000,0.1000,0.1300,0.1900,0.1700,4.8991,0.0700
linear,"Linear (no SDR)",2.0000,0.0000,5,2,0.0700,5.7970,0.0800,0.0800,0.1000,0.1200,0.1800,0.1900,4.2826,0.1200
linear,"Linear (no SDR)",2.0000,0.0000,5,3,0.1900,5.9649,0.2000,0.1800,0.1800,0.1700,0.2400,0.2200,5.6093,0.0300
linear_fast,"Linear-fast (rung 0)",2.0000,0.0000,1,0,0.1400,6.2383,0.1400,0.1400,0.1400,0.1400,0.1400,0.1800,4.1060,0.0400
linear_fast,"Linear-fast (rung 0)",2.0000,0.0000,1,1,0.1700,6.1838,0.1700,0.1700,0.1700,0.1700,0.1700,0.1900,4.4043,0.0200
linear_fast,"Linear-fast (rung 0)",2.0000,0.0000,1,2,0.1900,5.4423,0.1900,0.1900,0.1900,0.1900,0.1900,0.2200,3.9385,0.0300
linear_fast,"Linear-fast (rung 0)",2.0000,0.0000,1,3,0.2300,5.6691,0.2300,0.2300,0.2300,0.2300,0.2300,0.2300,5.1454,0.0000
linear_fast,"Linear-fast (rung 0)",2.0000,0.0000,2,0,0.1400,5.6156,0.1400,0.1400,0.1400,0.1400,0.1400,0.2500,4.0156,0.1100
linear_fast,"Linear-fast (rung 0)",2.0000,0.0000,2,1,0.2100,5.1415,0.2100,0.2100,0.2100,0.2100,0.2100,0.1900,4.5594,-0.0200
linear_fast,"Linear-fast (rung 0)",2.0000,0.0000,2,2,0.2200,4.2627,0.2200,0.2200,0.2200,0.2200,0.2200,0.2300,3.9203,0.0100
linear_fast,"Linear-fast (rung 0)",2.0000,0.0000,2,3,0.2200,5.2413,0.2200,0.2200,0.2200,0.2200,0.2200,0.2300,5.5609,0.0100
linear_fast,"Linear-fast (rung 0)",2.0000,0.0000,3,0,0.2000,5.5077,0.2000,0.2000,0.2000,0.2000,0.2000,0.2900,4.0194,0.0900
linear_fast,"Linear-fast (rung 0)",2.0000,0.0000,3,1,0.2300,5.2597,0.2300,0.2300,0.2300,0.2300,0.2300,0.1900,4.7777,-0.0400
linear_fast,"Linear-fast (rung 0)",2.0000,0.0000,3,2,0.3100,4.1050,0.3100,0.3100,0.3100,0.3100,0.3100,0.2500,3.9663,-0.0600
linear_fast,"Linear-fast (rung 0)",2.0000,0.0000,3,3,0.2400,5.6052,0.2400,0.2400,0.2400,0.2400,0.2400,0.2300,5.8540,-0.0100
linear_fast,"Linear-fast (rung 0)",2.0000,0.0000,4,0,0.2200,5.5246,0.2200,0.2200,0.2200,0.2200,0.2200,0.2900,4.0469,0.0700
linear_fast,"Linear-fast (rung 0)",2.0000,0.0000,4,1,0.2400,5.3830,0.2400,0.2400,0.2400,0.2400,0.2400,0.1900,4.9717,-0.0500
linear_fast,"Linear-fast (rung 0)",2.0000,0.0000,4,2,0.3200,4.0551,0.3200,0.3200,0.3200,0.3200,0.3200,0.2500,4.0296,-0.0700
linear_fast,"Linear-fast (rung 0)",2.0000,0.0000,4,3,0.2500,5.8976,0.2500,0.2500,0.2500,0.2500,0.2500,0.2200,6.1100,-0.0300
linear_fast,"Linear-fast (rung 0)",2.0000,0.0000,5,0,0.2300,5.5533,0.2300,0.2400,0.2400,0.2900,0.3600,0.2900,4.0956,0.0600
linear_fast,"Linear-fast (rung 0)",2.0000,0.0000,5,1,0.2400,5.5085,0.2500,0.2600,0.2600,0.2700,0.3600,0.1900,5.1361,-0.0500
linear_fast,"Linear-fast (rung 0)",2.0000,0.0000,5,2,0.3100,4.0494,0.3300,0.3200,0.3200,0.3400,0.3500,0.2500,4.1071,-0.0600
linear_fast,"Linear-fast (rung 0)",2.0000,0.0000,5,3,0.2400,6.1619,0.2400,0.2300,0.2400,0.2700,0.3300,0.2400,6.3506,0.0000
proximal_ewc,"Proximal EWC (lam=0.0)",2.0000,0.0000,1,0,0.1400,6.2383,0.1400,0.1400,0.1400,0.1400,0.1400,0.0800,4.5476,-0.0600
proximal_ewc,"Proximal EWC (lam=0.0)",2.0000,0.0000,1,1,0.0500,6.0098,0.0500,0.0500,0.0500,0.0500,0.0500,0.1000,4.6083,0.0500
proximal_ewc,"Proximal EWC (lam=0.0)",2.0000,0.0000,1,2,0.0400,5.9616,0.0400,0.0400,0.0400,0.0400,0.0400,0.1300,4.8106,0.0900
proximal_ewc,"Proximal EWC (lam=0.0)",2.0000,0.0000,1,3,0.0200,5.9503,0.0200,0.0200,0.0200,0.0200,0.0200,0.1500,4.4547,0.1300
proximal_ewc,"Proximal EWC (lam=0.0)",2.0000,0.0000,2,0,0.0600,4.9426,0.0600,0.0600,0.0600,0.0600,0.0600,0.0900,5.0662,0.0300
proximal_ewc,"Proximal EWC (lam=0.0)",2.0000,0.0000,2,1,0.0700,4.7195,0.0700,0.0700,0.0700,0.0700,0.0700,0.1200,4.8396,0.0500
proximal_ewc,"Proximal EWC (lam=0.0)",2.0000,0.0000,2,2,0.0700,5.3920,0.0700,0.0700,0.0700,0.0700,0.0700,0.1300,4.6780,0.0600
proximal_ewc,"Proximal EWC (lam=0.0)",2.0000,0.0000,2,3,0.1100,4.6154,0.1100,0.1100,0.1100,0.1100,0.1100,0.0800,4.9385,-0.0300
proximal_ewc,"Proximal EWC (lam=0.0)",2.0000,0.0000,3,0,0.1000,4.9368,0.1000,0.1000,0.1000,0.1000,0.1000,0.0800,5.3397,-0.0200
proximal_ewc,"Proximal EWC (lam=0.0)",2.0000,0.0000,3,1,0.1100,4.6844,0.1100,0.1100,0.1100,0.1100,0.1100,0.0900,4.8129,-0.0200
proximal_ewc,"Proximal EWC (lam=0.0)",2.0000,0.0000,3,2,0.0700,4.9548,0.0700,0.0700,0.0700,0.0700,0.0700,0.1100,4.8348,0.0400
proximal_ewc,"Proximal EWC (lam=0.0)",2.0000,0.0000,3,3,0.0900,5.1171,0.0900,0.0900,0.0900,0.0900,0.0900,0.1100,5.3259,0.0200
proximal_ewc,"Proximal EWC (lam=0.0)",2.0000,0.0000,4,0,0.1000,5.2029,0.1000,0.1000,0.1000,0.1000,0.1000,0.0900,5.5465,-0.0100
proximal_ewc,"Proximal EWC (lam=0.0)",2.0000,0.0000,4,1,0.0900,4.9225,0.0900,0.0900,0.0900,0.0900,0.0900,0.0900,4.7096,0.0000
proximal_ewc,"Proximal EWC (lam=0.0)",2.0000,0.0000,4,2,0.0900,4.9803,0.0900,0.0900,0.0900,0.0900,0.0900,0.1300,5.1642,0.0400
proximal_ewc,"Proximal EWC (lam=0.0)",2.0000,0.0000,4,3,0.1200,5.4252,0.1200,0.1200,0.1200,0.1200,0.1200,0.1100,5.6303,-0.0100
proximal_ewc,"Proximal EWC (lam=0.0)",2.0000,0.0000,5,0,0.1200,5.5702,0.1200,0.1200,0.1200,0.1500,0.1600,0.0700,5.9441,-0.0500
proximal_ewc,"Proximal EWC (lam=0.0)",2.0000,0.0000,5,1,0.0800,4.9279,0.0800,0.0800,0.0800,0.1200,0.1900,0.0800,4.8123,0.0000
proximal_ewc,"Proximal EWC (lam=0.0)",2.0000,0.0000,5,2,0.0900,5.2023,0.0900,0.0900,0.0800,0.1100,0.1500,0.1100,5.3257,0.0200
proximal_ewc,"Proximal EWC (lam=0.0)",2.0000,0.0000,5,3,0.1300,5.6663,0.1300,0.1200,0.1100,0.1100,0.1400,0.0800,5.9506,-0.0500
