scheme,age,snr_mean,snr_stderr
plain,1,5.634745e0,3.006166e-2
plain,2,5.586788e0,3.044112e-2
plain,3,5.518694e0,3.128844e-2
plain,4,5.425778e0,3.070632e-2
plain,5,5.365910e0,3.235615e-2
plain,6,5.292171e0,3.264334e-2
plain,7,5.208825e0,3.224641e-2
plain,9,5.108416e0,3.343421e-2
plain,11,4.986351e0,3.514751e-2
plain,14,4.785078e0,3.896670e-2
plain,17,4.598551e0,4.366326e-2
plain,22,4.347728e0,4.614256e-2
plain,27,4.050405e0,4.801104e-2
plain,33,3.802440e0,4.816304e-2
plain,42,3.361614e0,5.221156e-2
plain,52,2.919056e0,5.092061e-2
plain,65,2.485742e0,5.494957e-2
plain,80,2.056375e0,5.895545e-2
plain,100,1.592083e0,6.057437e-2
plain,125,1.083022e0,6.264394e-2
plain,155,6.132491e-1,6.286299e-2
plain,193,2.698882e-1,6.371458e-2
plain,241,1.925255e-1,5.931065e-2
plain,300,8.520132e-2,6.399612e-2
plain,373,-1.992343e-2,6.536642e-2
plain,465,1.149840e-1,6.686891e-2
plain,579,1.513805e-1,6.147168e-2
plain,721,-2.378279e-2,6.045437e-2
plain,897,8.275190e-2,6.623865e-2
plain,1118,3.537174e-3,6.015940e-2
plain,1392,-1.002517e-2,6.247957e-2
plain,1733,-5.194567e-3,6.478959e-2
plain,2158,3.401768e-2,6.342843e-2
plain,2687,8.805379e-2,6.297504e-2
plain,3346,-1.539397e-1,6.097557e-2
plain,4167,-1.016526e-1,6.030458e-2
plain,5189,6.388488e-2,5.807223e-2
plain,6461,-9.699518e-4,6.589007e-2
plain,8046,-4.625349e-2,6.419734e-2
plain,10019,5.426712e-2,5.940052e-2
plain,12476,4.993504e-3,6.491834e-2
plain,15536,2.187984e-2,6.246541e-2
plain,19347,-8.650330e-3,6.362247e-2
plain,24091,1.228109e-1,6.150698e-2
plain,30000,5.471482e-2,5.965813e-2
exp/tau=30,1,7.301216e0,3.399639e-2
exp/tau=30,2,7.211226e0,3.403488e-2
exp/tau=30,3,7.089890e0,3.509736e-2
exp/tau=30,4,6.935637e0,3.426630e-2
exp/tau=30,5,6.824215e0,3.596012e-2
exp/tau=30,6,6.690044e0,3.741799e-2
exp/tau=30,7,6.547304e0,3.724160e-2
exp/tau=30,9,6.349140e0,3.830463e-2
exp/tau=30,11,6.084008e0,4.165571e-2
exp/tau=30,14,5.663098e0,4.809955e-2
exp/tau=30,17,5.253866e0,5.278823e-2
exp/tau=30,22,4.601406e0,5.710935e-2
exp/tau=30,27,3.874552e0,6.149211e-2
exp/tau=30,33,3.214833e0,5.942415e-2
exp/tau=30,42,2.189073e0,6.327167e-2
exp/tau=30,52,1.350089e0,6.200826e-2
exp/tau=30,65,7.630819e-1,6.314790e-2
exp/tau=30,80,4.061058e-1,6.851291e-2
exp/tau=30,100,1.920144e-1,6.380250e-2
exp/tau=30,125,3.992433e-2,6.823995e-2
exp/tau=30,155,-9.636266e-2,6.494674e-2
exp/tau=30,193,-9.719885e-2,6.196355e-2
exp/tau=30,241,2.544973e-2,6.235009e-2
exp/tau=30,300,-3.567526e-2,6.170019e-2
exp/tau=30,373,9.470095e-3,6.215211e-2
exp/tau=30,465,1.418171e-1,6.727257e-2
exp/tau=30,579,1.320688e-1,6.006639e-2
exp/tau=30,721,-1.509227e-2,6.060878e-2
exp/tau=30,897,2.791460e-2,6.659290e-2
exp/tau=30,1118,-2.481254e-2,6.406692e-2
exp/tau=30,1392,-3.019229e-2,6.658836e-2
exp/tau=30,1733,-5.839807e-2,6.857242e-2
exp/tau=30,2158,-2.803081e-2,6.397787e-2
exp/tau=30,2687,1.002439e-1,6.474271e-2
exp/tau=30,3346,-9.286243e-2,5.906482e-2
exp/tau=30,4167,-1.077974e-1,6.180318e-2
exp/tau=30,5189,-1.165934e-2,6.282778e-2
exp/tau=30,6461,-2.071953e-2,6.566588e-2
exp/tau=30,8046,-8.044867e-2,6.741399e-2
exp/tau=30,10019,5.399456e-2,6.053499e-2
exp/tau=30,12476,-2.771089e-2,6.201862e-2
exp/tau=30,15536,-2.825873e-2,6.397028e-2
exp/tau=30,19347,1.578527e-2,6.267830e-2
exp/tau=30,24091,1.069819e-1,6.273921e-2
exp/tau=30,30000,-1.214356e-2,6.015678e-2
exp/tau=100,1,6.643259e0,3.281940e-2
exp/tau=100,2,6.574719e0,3.305080e-2
exp/tau=100,3,6.480413e0,3.389502e-2
exp/tau=100,4,6.357322e0,3.272952e-2
exp/tau=100,5,6.275582e0,3.432823e-2
exp/tau=100,6,6.175788e0,3.484860e-2
exp/tau=100,7,6.067735e0,3.415784e-2
exp/tau=100,9,5.928607e0,3.496477e-2
exp/tau=100,11,5.752896e0,3.716553e-2
exp/tau=100,14,5.473683e0,4.151098e-2
exp/tau=100,17,5.210966e0,4.605116e-2
exp/tau=100,22,4.837675e0,4.924042e-2
exp/tau=100,27,4.406587e0,5.247368e-2
exp/tau=100,33,4.032094e0,5.194566e-2
exp/tau=100,42,3.369997e0,5.719571e-2
exp/tau=100,52,2.710278e0,5.558391e-2
exp/tau=100,65,2.077646e0,5.898283e-2
exp/tau=100,80,1.502983e0,6.412599e-2
exp/tau=100,100,9.748608e-1,6.345605e-2
exp/tau=100,125,5.121836e-1,6.701577e-2
exp/tau=100,155,1.324409e-1,6.486776e-2
exp/tau=100,193,-3.514894e-2,6.291585e-2
exp/tau=100,241,4.521361e-2,5.992469e-2
exp/tau=100,300,-8.163262e-3,6.303269e-2
exp/tau=100,373,-2.596729e-2,6.313308e-2
exp/tau=100,465,1.326380e-1,6.673585e-2
exp/tau=100,579,1.311397e-1,6.124919e-2
exp/tau=100,721,-1.884227e-2,6.116541e-2
exp/tau=100,897,5.617124e-2,6.602133e-2
exp/tau=100,1118,-1.493561e-2,6.156369e-2
exp/tau=100,1392,-2.778680e-2,6.484381e-2
exp/tau=100,1733,-3.710423e-2,6.633378e-2
exp/tau=100,2158,-6.978487e-3,6.199206e-2
exp/tau=100,2687,1.237334e-1,6.234277e-2
exp/tau=100,3346,-1.315490e-1,6.069664e-2
exp/tau=100,4167,-9.344827e-2,6.085884e-2
exp/tau=100,5189,1.301829e-2,6.054054e-2
exp/tau=100,6461,-3.857414e-3,6.661574e-2
exp/tau=100,8046,-6.336839e-2,6.639989e-2
exp/tau=100,10019,5.757753e-2,5.929516e-2
exp/tau=100,12476,-2.298733e-2,6.427118e-2
exp/tau=100,15536,-2.102747e-2,6.285184e-2
exp/tau=100,19347,-5.036069e-3,6.373361e-2
exp/tau=100,24091,1.294467e-1,6.196488e-2
exp/tau=100,30000,1.784792e-2,6.066169e-2
exp/tau=300,1,6.109014e0,3.130261e-2
exp/tau=300,2,6.052693e0,3.168065e-2
exp/tau=300,3,5.973501e0,3.251661e-2
exp/tau=300,4,5.867810e0,3.164800e-2
exp/tau=300,5,5.799131e0,3.326440e-2
exp/tau=300,6,5.715108e0,3.363122e-2
exp/tau=300,7,5.621102e0,3.296516e-2
exp/tau=300,9,5.504248e0,3.398527e-2
exp/tau=300,11,5.360688e0,3.581630e-2
exp/tau=300,14,5.128962e0,3.985630e-2
exp/tau=300,17,4.912224e0,4.449444e-2
exp/tau=300,22,4.615897e0,4.723818e-2
exp/tau=300,27,4.270189e0,4.963019e-2
exp/tau=300,33,3.977920e0,4.937523e-2
exp/tau=300,42,3.457350e0,5.406261e-2
exp/tau=300,52,2.932552e0,5.259945e-2
exp/tau=300,65,2.418325e0,5.646821e-2
exp/tau=300,80,1.920374e0,6.089421e-2
exp/tau=300,100,1.407997e0,6.202013e-2
exp/tau=300,125,8.836289e-1,6.461648e-2
exp/tau=300,155,4.184375e-1,6.383013e-2
exp/tau=300,193,1.248572e-1,6.376018e-2
exp/tau=300,241,1.141473e-1,5.933716e-2
exp/tau=300,300,3.321184e-2,6.374157e-2
exp/tau=300,373,-3.149168e-2,6.445469e-2
exp/tau=300,465,1.232534e-1,6.678777e-2
exp/tau=300,579,1.415756e-1,6.140509e-2
exp/tau=300,721,-2.369006e-2,6.084355e-2
exp/tau=300,897,7.471351e-2,6.615503e-2
exp/tau=300,1118,-4.793713e-3,6.049760e-2
exp/tau=300,1392,-1.929942e-2,6.331434e-2
exp/tau=300,1733,-1.985869e-2,6.543983e-2
exp/tau=300,2158,1.466007e-2,6.264986e-2
exp/tau=300,2687,1.099041e-1,6.230190e-2
exp/tau=300,3346,-1.438740e-1,6.100545e-2
exp/tau=300,4167,-9.769216e-2,6.054665e-2
exp/tau=300,5189,4.071688e-2,5.896163e-2
exp/tau=300,6461,4.625542e-6,6.630987e-2
exp/tau=300,8046,-5.185905e-2,6.514962e-2
exp/tau=300,10019,5.773719e-2,5.920803e-2
exp/tau=300,12476,-9.131690e-3,6.508307e-2
exp/tau=300,15536,1.099107e-3,6.265434e-2
exp/tau=300,19347,-8.548832e-3,6.390913e-2
exp/tau=300,24091,1.277132e-1,6.165768e-2
exp/tau=300,30000,4.074797e-2,6.033766e-2
exp/tau=1000,1,5.800944e0,3.044470e-2
exp/tau=1000,2,5.750258e0,3.083319e-2
exp/tau=1000,3,5.678504e0,3.167831e-2
exp/tau=1000,4,5.581357e0,3.100202e-2
exp/tau=1000,5,5.518597e0,3.264063e-2
exp/tau=1000,6,5.441555e0,3.295711e-2
exp/tau=1000,7,5.354557e0,3.244391e-2
exp/tau=1000,9,5.248544e0,3.357901e-2
exp/tau=1000,11,5.119380e0,3.531720e-2
exp/tau=1000,14,4.908238e0,3.922894e-2
exp/tau=1000,17,4.711787e0,4.391815e-2
exp/tau=1000,22,4.446326e0,4.647893e-2
exp/tau=1000,27,4.133741e0,4.851305e-2
exp/tau=1000,33,3.871957e0,4.851232e-2
exp/tau=1000,42,3.406068e0,5.279111e-2
exp/tau=1000,52,2.937132e0,5.143198e-2
exp/tau=1000,65,2.477673e0,5.542988e-2
exp/tau=1000,80,2.025702e0,5.956118e-2
exp/tau=1000,100,1.544185e0,6.107572e-2
exp/tau=1000,125,1.026110e0,6.328153e-2
exp/tau=1000,155,5.534863e-1,6.317972e-2
exp/tau=1000,193,2.217873e-1,6.379575e-2
exp/tau=1000,241,1.651791e-1,5.931626e-2
exp/tau=1000,300,6.603716e-2,6.394584e-2
exp/tau=1000,373,-2.540456e-2,6.507811e-2
exp/tau=1000,465,1.176885e-1,6.686451e-2
exp/tau=1000,579,1.482078e-1,6.145814e-2
exp/tau=1000,721,-2.418224e-2,6.059840e-2
exp/tau=1000,897,8.086606e-2,6.622856e-2
exp/tau=1000,1118,7.208714e-4,6.023531e-2
exp/tau=1000,1392,-1.325995e-2,6.269466e-2
exp/tau=1000,1733,-1.029925e-2,6.500885e-2
exp/tau=1000,2158,2.724375e-2,6.317926e-2
exp/tau=1000,2687,9.608555e-2,6.271229e-2
exp/tau=1000,3346,-1.504081e-1,6.099109e-2
exp/tau=1000,4167,-1.002855e-1,6.040382e-2
exp/tau=1000,5189,5.612737e-2,5.833114e-2
exp/tau=1000,6461,-2.893277e-4,6.603103e-2
exp/tau=1000,8046,-4.765672e-2,6.449696e-2
exp/tau=1000,10019,5.606104e-2,5.930647e-2
exp/tau=1000,12476,1.216525e-4,6.503568e-2
exp/tau=1000,15536,1.480284e-2,6.253293e-2
exp/tau=1000,19347,-8.820586e-3,6.374316e-2
exp/tau=1000,24091,1.245355e-1,6.155081e-2
exp/tau=1000,30000,5.061486e-2,5.989857e-2
exp/tau=3000,1,5.692944e0,3.018765e-2
exp/tau=3000,2,5.644053e0,3.057080e-2
exp/tau=3000,3,5.574706e0,3.141773e-2
exp/tau=3000,4,5.480335e0,3.080348e-2
exp/tau=3000,5,5.419476e0,3.244971e-2
exp/tau=3000,6,5.344612e0,3.274740e-2
exp/tau=3000,7,5.259994e0,3.230745e-2
exp/tau=3000,9,5.157636e0,3.347746e-2
exp/tau=3000,11,5.033129e0,3.519800e-2
exp/tau=3000,14,4.828483e0,3.905224e-2
exp/tau=3000,17,4.638549e0,4.374818e-2
exp/tau=3000,22,4.382726e0,4.625513e-2
exp/tau=3000,27,4.080226e0,4.817961e-2
exp/tau=3000,33,3.827589e0,4.827738e-2
exp/tau=3000,42,3.378269e0,5.240698e-2
exp/tau=3000,52,2.926714e0,5.109101e-2
exp/tau=3000,65,2.484477e0,5.511262e-2
exp/tau=3000,80,2.047379e0,5.916037e-2
exp/tau=3000,100,1.577078e0,6.074840e-2
exp/tau=3000,125,1.064544e0,6.285959e-2
exp/tau=3000,155,5.933680e-1,6.297019e-2
exp/tau=3000,193,2.534800e-1,6.374921e-2
exp/tau=3000,241,1.830591e-1,5.931415e-2
exp/tau=3000,300,7.842529e-2,6.398336e-2
exp/tau=3000,373,-2.199216e-2,6.526922e-2
exp/tau=3000,465,1.158959e-1,6.687118e-2
exp/tau=3000,579,1.503117e-1,6.146862e-2
exp/tau=3000,721,-2.396949e-2,6.050549e-2
exp/tau=3000,897,8.219934e-2,6.623777e-2
exp/tau=3000,1118,2.563126e-3,6.018217e-2
exp/tau=3000,1392,-1.114712e-2,6.254432e-2
exp/tau=3000,1733,-6.978423e-3,6.486540e-2
exp/tau=3000,2158,3.164991e-2,6.334568e-2
exp/tau=3000,2687,9.088151e-2,6.288222e-2
exp/tau=3000,3346,-1.527086e-1,6.098115e-2
exp/tau=3000,4167,-1.011687e-1,6.034176e-2
exp/tau=3000,5189,6.121905e-2,5.815646e-2
exp/tau=3000,6461,-6.983523e-4,6.593755e-2
exp/tau=3000,8046,-4.667655e-2,6.429735e-2
exp/tau=3000,10019,5.497577e-2,5.936413e-2
exp/tau=3000,12476,3.310616e-3,6.496510e-2
exp/tau=3000,15536,1.944367e-2,6.248837e-2
exp/tau=3000,19347,-8.729156e-3,6.366565e-2
exp/tau=3000,24091,1.234032e-1,6.152156e-2
exp/tau=3000,30000,5.337754e-2,5.974079e-2
exp/tau=10000,1,5.652519e0,3.009916e-2
exp/tau=10000,2,5.604279e0,3.047978e-2
exp/tau=10000,3,5.535806e0,3.132702e-2
exp/tau=10000,4,5.442448e0,3.073518e-2
exp/tau=10000,5,5.382280e0,3.238396e-2
exp/tau=10000,6,5.308201e0,3.267438e-2
exp/tau=10000,7,5.224467e0,3.226407e-2
exp/tau=10000,9,5.123464e0,3.344651e-2
exp/tau=10000,11,5.000659e0,3.516188e-2
exp/tau=10000,14,4.798365e0,3.899209e-2
exp/tau=10000,17,4.610804e0,4.368870e-2
exp/tau=10000,22,4.358468e0,4.617636e-2
exp/tau=10000,27,4.059581e0,4.806172e-2
exp/tau=10000,33,3.810207e0,4.819709e-2
exp/tau=10000,42,3.366817e0,5.227041e-2
exp/tau=10000,52,2.921537e0,5.097168e-2
exp/tau=10000,65,2.485523e0,5.499882e-2
exp/tau=10000,80,2.053816e0,5.901728e-2
exp/tau=10000,100,1.587693e0,6.062732e-2
exp/tau=10000,125,1.077538e0,6.270891e-2
exp/tau=10000,155,6.072956e-1,6.289528e-2
exp/tau=10000,193,2.649297e-1,6.372579e-2
exp/tau=10000,241,1.896502e-1,5.931195e-2
exp/tau=10000,300,8.312647e-2,6.399277e-2
exp/tau=10000,373,-2.057120e-2,6.533716e-2
exp/tau=10000,465,1.152581e-1,6.687006e-2
exp/tau=10000,579,1.510592e-1,6.147095e-2
exp/tau=10000,721,-2.384486e-2,6.047004e-2
exp/tau=10000,897,8.259511e-2,6.623869e-2
exp/tau=10000,1118,3.241047e-3,6.016597e-2
exp/tau=10000,1392,-1.036629e-2,6.249811e-2
exp/tau=10000,1733,-5.738917e-3,6.481263e-2
exp/tau=10000,2158,3.329525e-2,6.340372e-2
exp/tau=10000,2687,8.891805e-2,6.294668e-2
exp/tau=10000,3346,-1.535647e-1,6.097729e-2
exp/tau=10000,4167,-1.015038e-1,6.031623e-2
exp/tau=10000,5189,6.307670e-2,5.809722e-2
exp/tau=10000,6461,-8.835261e-4,6.590431e-2
exp/tau=10000,8046,-4.637497e-2,6.422730e-2
exp/tau=10000,10019,5.449306e-2,5.938900e-2
exp/tau=10000,12476,4.482699e-3,6.493322e-2
exp/tau=10000,15536,2.114126e-2,6.247230e-2
exp/tau=10000,19347,-8.676377e-3,6.363572e-2
exp/tau=10000,24091,1.229901e-1,6.151136e-2
exp/tau=10000,30000,5.431758e-2,5.968314e-2
exp/tau=30000,1,5.640700e0,3.007413e-2
exp/tau=30000,2,5.592649e0,3.045398e-2
exp/tau=30000,3,5.524428e0,3.130128e-2
exp/tau=30000,4,5.431364e0,3.071591e-2
exp/tau=30000,5,5.371396e0,3.236539e-2
exp/tau=30000,6,5.297543e0,3.265367e-2
exp/tau=30000,7,5.214067e0,3.225223e-2
exp/tau=30000,9,5.113460e0,3.343824e-2
exp/tau=30000,11,4.991147e0,3.515222e-2
exp/tau=30000,14,4.789533e0,3.897514e-2
exp/tau=30000,17,4.602660e0,4.367173e-2
exp/tau=30000,22,4.351332e0,4.615383e-2
exp/tau=30000,27,4.053486e0,4.802794e-2
exp/tau=30000,33,3.805051e0,4.817437e-2
exp/tau=30000,42,3.363368e0,5.223120e-2
exp/tau=30000,52,2.919901e0,5.093763e-2
exp/tau=30000,65,2.485684e0,5.496602e-2
exp/tau=30000,80,2.055536e0,5.897609e-2
exp/tau=30000,100,1.590630e0,6.059209e-2
exp/tau=30000,125,1.081200e0,6.266562e-2
exp/tau=30000,155,6.112659e-1,6.287376e-2
exp/tau=30000,193,2.682320e-1,6.371840e-2
exp/tau=30000,241,1.915637e-1,5.931111e-2
exp/tau=30000,300,8.450566e-2,6.399505e-2
exp/tau=30000,373,-2.014200e-2,6.535666e-2
exp/tau=30000,465,1.150754e-1,6.686934e-2
exp/tau=30000,579,1.512734e-1,6.147146e-2
exp/tau=30000,721,-2.380407e-2,6.045963e-2
exp/tau=30000,897,8.270052e-2,6.623869e-2
exp/tau=30000,1118,3.438085e-3,6.016157e-2
exp/tau=30000,1392,-1.013931e-2,6.248566e-2
exp/tau=30000,1733,-5.376910e-3,6.479730e-2
exp/tau=30000,2158,3.377570e-2,6.342021e-2
exp/tau=30000,2687,8.834340e-2,6.296554e-2
exp/tau=30000,3346,-1.538142e-1,6.097615e-2
exp/tau=30000,4167,-1.016026e-1,6.030851e-2
exp/tau=30000,5189,6.361468e-2,5.808053e-2
exp/tau=30000,6461,-9.406644e-4,6.589481e-2
exp/tau=30000,8046,-4.629344e-2,6.420732e-2
exp/tau=30000,10019,5.434377e-2,5.939662e-2
exp/tau=30000,12476,4.822681e-3,6.492338e-2
exp/tau=30000,15536,2.163293e-2,6.246771e-2
exp/tau=30000,19347,-8.659243e-3,6.362692e-2
exp/tau=30000,24091,1.228708e-1,6.150844e-2
exp/tau=30000,30000,5.458281e-2,5.966649e-2
uniform/g=0.25/m=8,1,7.148849e0,3.252092e-2
uniform/g=0.25/m=8,2,6.902037e0,3.258604e-2
uniform/g=0.25/m=8,3,6.643500e0,3.325890e-2
uniform/g=0.25/m=8,4,6.381276e0,3.308564e-2
uniform/g=0.25/m=8,5,6.187560e0,3.595656e-2
uniform/g=0.25/m=8,6,5.976715e0,3.634456e-2
uniform/g=0.25/m=8,7,5.768059e0,3.575578e-2
uniform/g=0.25/m=8,9,5.496846e0,3.649270e-2
uniform/g=0.25/m=8,11,5.191702e0,3.932094e-2
uniform/g=0.25/m=8,14,4.800015e0,4.342778e-2
uniform/g=0.25/m=8,17,4.487676e0,4.579506e-2
uniform/g=0.25/m=8,22,4.078089e0,4.914245e-2
uniform/g=0.25/m=8,27,3.729311e0,4.976330e-2
uniform/g=0.25/m=8,33,3.447203e0,4.890257e-2
uniform/g=0.25/m=8,42,3.025784e0,5.093844e-2
uniform/g=0.25/m=8,52,2.694570e0,5.393902e-2
uniform/g=0.25/m=8,65,2.415804e0,5.741327e-2
uniform/g=0.25/m=8,80,2.236128e0,5.947591e-2
uniform/g=0.25/m=8,100,2.098359e0,5.753120e-2
uniform/g=0.25/m=8,125,1.897470e0,6.282318e-2
uniform/g=0.25/m=8,155,1.762135e0,5.981875e-2
uniform/g=0.25/m=8,193,1.613279e0,6.133805e-2
uniform/g=0.25/m=8,241,1.549942e0,5.834376e-2
uniform/g=0.25/m=8,300,1.415707e0,6.425575e-2
uniform/g=0.25/m=8,373,1.252400e0,6.401637e-2
uniform/g=0.25/m=8,465,1.158081e0,6.526492e-2
uniform/g=0.25/m=8,579,9.962679e-1,6.048250e-2
uniform/g=0.25/m=8,721,6.800918e-1,6.175138e-2
uniform/g=0.25/m=8,897,5.777302e-1,6.265311e-2
uniform/g=0.25/m=8,1118,3.667833e-1,6.402329e-2
uniform/g=0.25/m=8,1392,1.918662e-1,6.686218e-2
uniform/g=0.25/m=8,1733,1.100664e-1,6.968019e-2
uniform/g=0.25/m=8,2158,1.425740e-1,6.370387e-2
uniform/g=0.25/m=8,2687,1.131811e-1,6.126256e-2
uniform/g=0.25/m=8,3346,-5.869738e-3,6.040598e-2
uniform/g=0.25/m=8,4167,-8.495659e-2,6.366471e-2
uniform/g=0.25/m=8,5189,5.124776e-2,6.105921e-2
uniform/g=0.25/m=8,6461,-7.267762e-3,6.746846e-2
uniform/g=0.25/m=8,8046,-4.067814e-2,6.417549e-2
uniform/g=0.25/m=8,10019,-5.728493e-3,6.152013e-2
uniform/g=0.25/m=8,12476,-2.448843e-2,6.783687e-2
uniform/g=0.25/m=8,15536,-6.575709e-3,6.099060e-2
uniform/g=0.25/m=8,19347,-1.171335e-2,6.586484e-2
uniform/g=0.25/m=8,24091,6.462707e-2,6.498472e-2
uniform/g=0.25/m=8,30000,-2.313249e-2,5.888757e-2
geo/r=2/m=8,1,7.262464e0,3.258922e-2
geo/r=2/m=8,2,7.058165e0,3.241033e-2
geo/r=2/m=8,3,6.866684e0,3.266753e-2
geo/r=2/m=8,4,6.665035e0,3.281817e-2
geo/r=2/m=8,5,6.514880e0,3.587494e-2
geo/r=2/m=8,6,6.328217e0,3.595210e-2
geo/r=2/m=8,7,6.133544e0,3.445032e-2
geo/r=2/m=8,9,5.881938e0,3.552184e-2
geo/r=2/m=8,11,5.577863e0,3.997282e-2
geo/r=2/m=8,14,5.189015e0,4.393620e-2
geo/r=2/m=8,17,4.884309e0,4.563291e-2
geo/r=2/m=8,22,4.486944e0,4.963249e-2
geo/r=2/m=8,27,4.177355e0,5.033144e-2
geo/r=2/m=8,33,3.903899e0,4.999305e-2
geo/r=2/m=8,42,3.503681e0,5.117727e-2
geo/r=2/m=8,52,3.137887e0,5.314944e-2
geo/r=2/m=8,65,2.771354e0,5.839885e-2
geo/r=2/m=8,80,2.481003e0,6.062968e-2
geo/r=2/m=8,100,2.206368e0,5.977386e-2
geo/r=2/m=8,125,1.861262e0,6.493116e-2
geo/r=2/m=8,155,1.602111e0,6.230959e-2
geo/r=2/m=8,193,1.354080e0,6.347964e-2
geo/r=2/m=8,241,1.197887e0,5.984120e-2
geo/r=2/m=8,300,1.043086e0,6.630006e-2
geo/r=2/m=8,373,9.008863e-1,6.481682e-2
geo/r=2/m=8,465,8.318521e-1,6.565311e-2
geo/r=2/m=8,579,7.499454e-1,6.079275e-2
geo/r=2/m=8,721,5.113304e-1,6.086185e-2
geo/r=2/m=8,897,5.290389e-1,6.317508e-2
geo/r=2/m=8,1118,3.786895e-1,6.458598e-2
geo/r=2/m=8,1392,2.646128e-1,6.644615e-2
geo/r=2/m=8,1733,2.268778e-1,6.957453e-2
geo/r=2/m=8,2158,2.500141e-1,6.239975e-2
geo/r=2/m=8,2687,2.582580e-1,6.001044e-2
geo/r=2/m=8,3346,1.211563e-1,6.051484e-2
geo/r=2/m=8,4167,2.300583e-2,6.313938e-2
geo/r=2/m=8,5189,1.259450e-1,6.069552e-2
geo/r=2/m=8,6461,4.598371e-2,6.820391e-2
geo/r=2/m=8,8046,-1.323929e-2,6.489903e-2
geo/r=2/m=8,10019,5.583439e-2,6.142433e-2
geo/r=2/m=8,12476,-2.688698e-2,6.597805e-2
geo/r=2/m=8,15536,1.391688e-2,6.099349e-2
geo/r=2/m=8,19347,1.703161e-2,6.497217e-2
geo/r=2/m=8,24091,1.043874e-1,6.398160e-2
geo/r=2/m=8,30000,1.669000e-2,6.054246e-2
geo/r=4/m=4,1,7.185889e0,3.362540e-2
geo/r=4/m=4,2,6.733403e0,3.412364e-2
geo/r=4/m=4,3,6.403911e0,3.491952e-2
geo/r=4/m=4,4,6.190355e0,3.636889e-2
geo/r=4/m=4,5,6.104372e0,3.972470e-2
geo/r=4/m=4,6,5.986772e0,3.877237e-2
geo/r=4/m=4,7,5.870756e0,3.644760e-2
geo/r=4/m=4,9,5.794830e0,3.643548e-2
geo/r=4/m=4,11,5.606387e0,4.120556e-2
geo/r=4/m=4,14,5.363453e0,4.331100e-2
geo/r=4/m=4,17,5.137224e0,4.403046e-2
geo/r=4/m=4,22,4.759496e0,4.873928e-2
geo/r=4/m=4,27,4.439122e0,4.874072e-2
geo/r=4/m=4,33,4.070354e0,5.040253e-2
geo/r=4/m=4,42,3.558829e0,5.053874e-2
geo/r=4/m=4,52,3.092801e0,5.362853e-2
geo/r=4/m=4,65,2.619708e0,5.953542e-2
geo/r=4/m=4,80,2.284025e0,6.161917e-2
geo/r=4/m=4,100,2.033655e0,6.028016e-2
geo/r=4/m=4,125,1.745952e0,6.452666e-2
geo/r=4/m=4,155,1.561319e0,6.312906e-2
geo/r=4/m=4,193,1.413405e0,6.246081e-2
geo/r=4/m=4,241,1.288009e0,5.931819e-2
geo/r=4/m=4,300,1.183297e0,6.672471e-2
geo/r=4/m=4,373,1.038852e0,6.379039e-2
geo/r=4/m=4,465,9.480257e-1,6.533366e-2
geo/r=4/m=4,579,8.298276e-1,6.072562e-2
geo/r=4/m=4,721,5.710774e-1,6.022933e-2
geo/r=4/m=4,897,5.612242e-1,6.340109e-2
geo/r=4/m=4,1118,3.996737e-1,6.488142e-2
geo/r=4/m=4,1392,2.786320e-1,6.603472e-2
geo/r=4/m=4,1733,2.472446e-1,6.947914e-2
geo/r=4/m=4,2158,2.986216e-1,6.215259e-2
geo/r=4/m=4,2687,3.325971e-1,5.937070e-2
geo/r=4/m=4,3346,2.045289e-1,6.159337e-2
geo/r=4/m=4,4167,1.138471e-1,6.389358e-2
geo/r=4/m=4,5189,2.204252e-1,6.110684e-2
geo/r=4/m=4,6461,1.275971e-1,6.884494e-2
geo/r=4/m=4,8046,6.334806e-2,6.522155e-2
geo/r=4/m=4,10019,1.212029e-1,6.313907e-2
geo/r=4/m=4,12476,1.774536e-2,6.599993e-2
geo/r=4/m=4,15536,4.361164e-2,6.107446e-2
geo/r=4/m=4,19347,2.464324e-2,6.611596e-2
geo/r=4/m=4,24091,9.990562e-2,6.360201e-2
geo/r=4/m=4,30000,1.289351e-2,6.143266e-2
geo/r=8/m=3,1,7.195010e0,3.485881e-2
geo/r=8/m=3,2,6.414226e0,3.676913e-2
geo/r=8/m=3,3,5.680271e0,3.987539e-2
geo/r=8/m=3,4,5.215484e0,4.456609e-2
geo/r=8/m=3,5,5.032954e0,4.819459e-2
geo/r=8/m=3,6,4.882517e0,4.682833e-2
geo/r=8/m=3,7,4.773153e0,4.572853e-2
geo/r=8/m=3,9,4.800144e0,4.293773e-2
geo/r=8/m=3,11,4.701612e0,4.744671e-2
geo/r=8/m=3,14,4.612486e0,4.826251e-2
geo/r=8/m=3,17,4.539409e0,4.899053e-2
geo/r=8/m=3,22,4.403281e0,5.165751e-2
geo/r=8/m=3,27,4.322616e0,4.968943e-2
geo/r=8/m=3,33,4.182233e0,5.075640e-2
geo/r=8/m=3,42,3.964540e0,4.860257e-2
geo/r=8/m=3,52,3.736472e0,5.083127e-2
geo/r=8/m=3,65,3.387272e0,5.505323e-2
geo/r=8/m=3,80,3.062742e0,5.771228e-2
geo/r=8/m=3,100,2.714471e0,5.827113e-2
geo/r=8/m=3,125,2.227635e0,6.296036e-2
geo/r=8/m=3,155,1.798922e0,6.408463e-2
geo/r=8/m=3,193,1.413126e0,6.416569e-2
geo/r=8/m=3,241,1.074044e0,5.907216e-2
geo/r=8/m=3,300,8.746206e-1,6.807542e-2
geo/r=8/m=3,373,6.992436e-1,6.443765e-2
geo/r=8/m=3,465,6.552555e-1,6.443623e-2
geo/r=8/m=3,579,6.328935e-1,6.146090e-2
geo/r=8/m=3,721,4.759236e-1,6.120194e-2
geo/r=8/m=3,897,6.133921e-1,6.271093e-2
geo/r=8/m=3,1118,4.897273e-1,6.468349e-2
geo/r=8/m=3,1392,4.190161e-1,6.474817e-2
geo/r=8/m=3,1733,3.833484e-1,7.013157e-2
geo/r=8/m=3,2158,4.477720e-1,6.077620e-2
geo/r=8/m=3,2687,4.503679e-1,5.898272e-2
geo/r=8/m=3,3346,3.473772e-1,6.295464e-2
geo/r=8/m=3,4167,2.233947e-1,6.464403e-2
geo/r=8/m=3,5189,2.849602e-1,6.262340e-2
geo/r=8/m=3,6461,1.798490e-1,6.728348e-2
geo/r=8/m=3,8046,1.085439e-1,6.446380e-2
geo/r=8/m=3,10019,1.453118e-1,6.244986e-2
geo/r=8/m=3,12476,7.109360e-3,6.469541e-2
geo/r=8/m=3,15536,3.672635e-2,6.106451e-2
geo/r=8/m=3,19347,1.668261e-2,6.571315e-2
geo/r=8/m=3,24091,7.808984e-2,6.267918e-2
geo/r=8/m=3,30000,4.404021e-2,6.227500e-2
